Name,Observed Wavelength of H-alpha,RA J2000.0,Dec J2000.0
PGC1664006,6604.017910967988,11 32 06.6,+22 07 31
PGC1620526,6607.795716034859,11 35 54.4,+20 13 20
PGC1597887,6577.4329345913575,11 39 08.9,+19 35 00
UGC06670,6590.6651151367605,11 42 29.4,+18 19 59
PGC1519757,6585.57140471234,11 44 40.7,+16 53 59
UGC06747,6602.719172446638,11 46 24.0,+13 49 38
EVCC2007,6606.973662296511,11 46 26.5,+19 30 12
AGC219628,6579.407000890642,11 47 14.0,+18 40 28
SDSSJ114717.56+162004.5,6608.72329298585,11 47 17.5,+16 20 05
PGC2806928,6577.003757214561,11 48 16.4,+18 38 33
SDSSJ114843.14+171053.1,6604.137097955456,11 48 43.1,+17 10 53
AGC219539,6599.810643023727,11 48 45.0,+16 44 23
DDO097,6575.454610058921,11 48 57.4,+23 50 16
PGC1528400,6603.609169795119,11 49 05.6,+17 15 20
AGC219541,6575.28451796543,11 49 21.7,+17 17 24
SDSSJ114931.03+151539.7,6589.429793825996,11 49 31.0,+15 15 40
SDSSJ114957.11+161743.6,6610.453960905033,11 49 57.1,+16 17 44
PGC036976,6595.35726035193,11 50 02.7,+15 01 24
PGC037048,6592.3810751199435,11 50 55.9,+14 35 42
KIG0506,6600.133719193106,11 52 01.9,+13 52 44
SDSSJ115220.20+152736.2,6573.089759585851,11 52 20.2,+15 27 36
SDSSJ115300.30+160229.4,6603.822329720251,11 53 00.3,+16 02 30
KK111,6582.29873069848,11 54 01.6,+16 43 23
AGC215145,6585.843528551838,11 54 12.5,+12 26 06
UGC06881,6586.742699854197,11 54 44.9,+20 03 23
NGC3976,6586.560520423925,11 55 57.4,+06 44 59
PGC037490,6580.73501498672,11 56 02.5,+06 40 41
AGC215716,6569.394895996088,11 57 07.2,+06 40 32
PGC1488625,6582.750222529032,11 58 40.4,+15 35 34
AGC213178,6569.031235700384,11 59 00.7,+04 40 11
PGC037779,6567.5944998310815,11 59 33.8,+13 53 15
PGC037802,6616.279757279224,11 59 49.4,+21 26 56
NGC4032,6586.520095551042,12 00 32.9,+20 04 26
PGC1380373,6592.588132737969,12 00 56.1,+10 29 56
IC0755,6595.790854287953,12 01 10.5,+14 06 15
UGC07003,6577.949363709319,12 01 21.5,+14 27 00
PGC3120683,6600.819284132625,12 01 22.3,+02 11 09
NGC4037,6584.465700763691,12 01 23.7,+13 24 04
PGC037931,6582.485538289691,12 01 27.5,+14 02 04
PGC037954,6559.657601290797,12 01 44.3,+05 49 17
PGC1351666,6570.94581320172,12 01 45.1,+08 40 59
NGC4045,6582.440241269227,12 02 42.3,+01 58 37
NGC4049,6584.830510723392,12 02 54.5,+18 45 08
PGC3091844,6561.678451784121,12 03 02.8,+06 30 05
PGC1374673,6585.669907308173,12 03 15.1,+10 06 28
AGC225882,6579.567193385055,12 03 26.3,+13 27 34
PGC038113,6597.112057457414,12 03 36.0,+16 03 20
UGC07035,6578.58998597047,12 03 40.1,+02 38 29
UGC07039,6572.544109895432,12 03 50.5,+16 33 16
UGC07038,6595.096959955621,12 03 50.5,+14 33 01
SDSSJ120404.33+044847.2,6600.098376765196,12 04 04.4,+04 48 46
NGC4064,6581.049746116969,12 04 11.2,+18 26 37
NGC4067,6579.013817695601,12 04 11.5,+10 51 16
PGC1382204,6592.20477801268,12 04 47.1,+10 37 36
NGC4078,6573.360731081511,12 04 47.6,+10 35 44
SDSSJ120459.57+142420.4,6605.136160962678,12 04 59.6,+14 24 21
PGC1137065,6561.185564996511,12 05 02.2,-00 41 32
PGC3292163,6592.633914303313,12 05 07.1,-00 06 38
PGC1142295,6586.814723558338,12 05 19.9,-00 28 49
PGC3111475,6536.045468028958,12 05 26.7,-00 16 56
SDSSJ120527.06+123243.2,6601.422610362556,12 05 27.1,+12 32 43
PGC038299,6586.606911119115,12 05 32.7,+14 29 24
PGC1402698,6585.075117628912,12 06 40.7,+12 02 04
PGC166122,6591.113659990926,12 06 54.1,+17 20 25
PGC3291470,6555.825770767348,12 06 57.1,+00 39 47
PGC2806927,6592.250286936754,12 07 30.6,+18 41 02
PGC1233241,6575.281261765332,12 07 34.5,+02 38 24
NGC4116,6569.439743496391,12 07 36.9,+02 41 31
PGC1560780,6596.257601359557,12 07 41.2,+18 28 49
NGC4119,6611.068654680787,12 08 09.6,+10 22 44
NGC4123,6536.938675805343,12 08 11.1,+02 52 42
PGC1580851,6571.436203067837,12 08 12.1,+19 06 38
PGC1229057,6574.872969464229,12 08 20.0,+02 30 20
PGC038539,6551.342422843958,12 08 20.3,+13 41 02
AGC226030,6596.314364724978,12 08 20.7,+12 30 05
PGC3122921,6580.381026923061,12 08 24.2,+03 00 48
AGC220133,6584.707523799657,12 08 31.7,+15 05 45
UGC07133,6595.632553685067,12 09 19.7,+18 59 50
SDSSJ120920.02+242649.5,6583.097359941386,12 09 20.0,+24 26 49
PGC1728559,6589.784725673577,12 09 21.2,+25 12 03
IC3019,6560.372383816808,12 09 22.3,+13 59 33
IC3017,6581.284083650529,12 09 25.0,+13 34 28
UGC07138,6594.387005221554,12 09 28.8,+26 13 35
GR10,6597.399718897985,12 09 42.6,+20 02 50
UGC07143,6575.637001484132,12 09 46.7,+25 01 34
EVCC0116,6584.0566553165945,12 09 47.2,+13 00 54
SDSSJ120950.58+125411.4,6589.204487512612,12 09 50.6,+12 54 11
IC3021,6582.130983454549,12 09 54.6,+13 02 59
SDSSJ120958.86+250106.3,6593.831011524329,12 09 58.9,+25 01 06
IC3023,6594.402829835096,12 10 01.8,+14 22 00
PGC1397674,6569.899205334253,12 10 03.3,+11 42 49
IC3025,6579.590032150062,12 10 23.1,+10 11 19
PGC038728,6573.573985526369,12 10 24.3,+13 10 14
SDSSJ121032.03+142923.1,6610.707946736209,12 10 32.0,+14 29 23
PGC038747,6596.098514635298,12 10 35.7,+11 45 39
UGC07170,6600.515745355737,12 10 37.0,+18 49 42
NGC4152,6577.9317975801305,12 10 37.5,+16 01 59
AGC224696,6578.77203113253,12 10 38.0,+13 01 19
PGC038754,6606.4385468568935,12 10 40.9,+14 38 46
SDSSJ121044.99+075205.0,6573.880735903816,12 10 45.0,+07 52 05
PGC1696046,6594.673616673783,12 10 46.3,+23 54 55
PGC038771,6605.095065059119,12 10 49.0,+15 15 09
PGC038779,6592.797983451335,12 10 54.6,+15 56 47
PGC1724251,6581.631219380113,12 10 55.8,+25 03 34
PGC038784,6564.226265743397,12 10 57.1,+09 13 10
SDSSJ121058.17+241438.5,6582.309981002028,12 10 58.2,+24 14 39
IC0767,6615.652116348238,12 11 02.7,+12 06 14
UGC07178,6574.313490333971,12 11 03.6,+02 00 20
IC3032,6599.420749438699,12 11 07.7,+14 16 29
PGC1537492,6576.095443062644,12 11 08.6,+17 37 53
IC3033,6595.520600606714,12 11 10.0,+13 35 15
NGC4158,6626.839481034435,12 11 10.2,+20 10 32
PGC1674681,6589.541140900153,12 11 12.0,+22 42 18
PGC1565426,6591.594064685315,12 11 18.3,+18 38 05
UGC07184,6571.846396510389,12 11 19.9,+01 29 32
UGC07186,6591.650388127768,12 11 22.4,+18 01 00
UGC07185,6589.66547439106,12 11 27.4,+02 55 32
PGC038835,6589.742042582619,12 11 34.8,+24 01 44
PGC038837,6618.919336714239,12 11 38.2,+16 28 43
SDSSJ121140.31+125824.5,6592.39813808597,12 11 40.3,+12 58 25
SDSSJ121141.87+131146.7,6583.150225887927,12 11 41.9,+13 11 47
PGC038844,6584.392841647508,12 11 45.7,+13 01 27
SDSSJ121145.94+131707.9,6590.1863317216175,12 11 45.9,+13 17 08
PGC1410554,6576.975679417867,12 11 46.8,+12 29 38
PGC1538667,6571.252147492325,12 11 49.9,+17 40 36
NGC4162,6591.912542098372,12 11 52.5,+24 07 25
PGC1441122,6599.854645539278,12 11 53.9,+13 48 30
PGC038859,6570.212441534977,12 11 57.7,+20 01 40
GAMA220751,6563.697369687315,12 11 58.3,+01 29 35
SDSSJ121159.46+055502.6,6600.254987260022,12 11 59.5,+05 55 03
SDSSJ121201.19+102354.4,6570.031081733364,12 12 01.2,+10 23 54
PGC038872,6595.7102876038725,12 12 04.4,+12 44 28
PGC038878,6572.862021159,12 12 06.7,+25 18 34
SDSSJ121210.92+025255.6,6571.934416022547,12 12 10.9,+02 52 56
PGC038883,6592.777773732567,12 12 11.0,+12 53 36
NGC4165,6589.563770634209,12 12 11.8,+13 14 47
MRK1313,6553.1342648867,12 12 14.7,+00 04 20
IC3036,6588.266241306838,12 12 15.1,+12 29 17
PGC1140236,6580.33197713288,12 12 15.9,-00 33 53
NGC4168,6586.224887699233,12 12 17.3,+13 12 19
PGC038893,6613.227440882394,12 12 19.0,+15 28 59
AGC229200,6579.044995593405,12 12 21.3,+02 56 23
SDSSJ121222.40+223529.1,6572.0531476935685,12 12 22.4,+22 35 29
PGC038899,6571.202037878534,12 12 22.7,+06 58 46
PGC135791,6581.858496817147,12 12 25.5,+02 48 36
IC0769,6594.571306726025,12 12 32.3,+12 07 25
PGC038926,6570.838147890867,12 12 36.1,+06 30 07
PGC3294258,6570.428837665309,12 12 37.7,+00 21 32
SDSSJ121240.72+065027.7,6564.714487535492,12 12 40.7,+06 50 28
PGC1415716,6588.336762782559,12 12 42.7,+12 45 46
PGC1760270,6595.249974485872,12 12 45.0,+26 02 25
NGC4178,6577.697651172779,12 12 46.3,+10 51 57
IC3044,6587.613669249138,12 12 48.5,+13 58 34
PGC038947,6579.0662881695225,12 12 49.1,+13 20 50
NGC4179,6574.92180294019,12 12 52.1,+01 17 59
PGC1589647,6586.817127174592,12 12 57.6,+19 21 43
PGC091181,6596.267360385762,12 12 59.8,+07 17 56
AGC229174,6574.89248853482,12 13 02.2,+01 15 38
NGC4180,6582.020987570788,12 13 03.1,+07 02 20
PGC038970,6614.284184986702,12 13 04.6,+15 53 34
AGC749454,6587.383283936876,12 13 05.1,+25 06 45
SDSSJ121309.41+133503.9,6597.121240894473,12 13 09.4,+13 35 04
PGC038980,6574.849899920376,12 13 10.7,+07 13 10
PGC1433167,6577.319760391543,12 13 13.7,+13 31 22
PGC038993,6601.291165921178,12 13 17.8,+13 09 34
UGC07223,6577.791114696353,12 13 26.3,+14 46 19
PGC039008,6589.590382223285,12 13 31.9,+10 18 39
IC3049,6570.300376133504,12 13 33.6,+14 28 51
PGC039012,6592.125244054797,12 13 35.8,+13 02 05
PGC1183373,6580.81173381976,12 13 37.5,+01 03 49
PGC1122171,6567.3438883639765,12 13 38.8,-01 17 37
PGC039018,6589.579796898059,12 13 41.1,+15 27 14
SDSSJ121341.42+090040.2,6572.3014848989615,12 13 41.4,+09 00 40
AGC225998,6586.532441438448,12 13 41.8,+12 53 52
PGC3294233,6570.644226254488,12 13 45.1,-00 16 58
NGC4189,6603.752297906384,12 13 47.3,+13 25 30
PGC039031,6582.2180724782265,12 13 48.2,+12 41 26
NGC4192,6589.498649838031,12 13 48.3,+14 54 00
UGC07236,6577.38673419768,12 13 49.0,+24 15 51
KK128,6581.055285419113,12 13 50.4,+05 21 13
NGC4191,6602.356227129675,12 13 50.4,+07 12 03
PGC039041,6575.150975700026,12 13 53.2,+07 27 16
NGC4193,6586.791202935823,12 13 53.6,+13 10 22
UGC07237,6609.747243492505,12 14 01.3,+17 54 00
PGC039052,6557.165953181623,12 14 02.2,+06 43 23
PGC135794,6543.121393964426,12 14 06.7,+01 39 40
UGC07239,6579.219023615183,12 14 09.2,+07 46 35
PGC1416088,6580.780038913558,12 14 12.1,+12 46 59
SDSSJ121413.79+085429.7,6561.852735913815,12 14 13.7,+08 54 30
PGC039080,6588.1010908460885,12 14 14.4,+13 32 34
PGC3294218,6580.437219491807,12 14 18.8,-00 50 51
SDSSJ121419.86+132706.4,6585.847642804723,12 14 19.9,+13 27 06
PGC039089,6586.664642114294,12 14 22.2,+14 58 43
PGC1307035,6567.027781810139,12 14 23.5,+06 45 51
SDSSJ121428.14+055431.1,6554.935825653719,12 14 28.1,+05 54 31
PGC039104,6603.528063003226,12 14 32.9,+12 06 12
PGC039108,6584.972624161707,12 14 34.7,+11 51 35
VCC114,6573.738846579788,12 14 35.3,+05 40 37
PGC039109,6570.9060310490495,12 14 35.7,+09 11 59
PGC039112,6589.187656231394,12 14 36.8,+09 41 23
UGC07249,6574.90299151682,12 14 37.2,+12 48 45
NGC4197,6579.143126830596,12 14 38.5,+05 48 20
SDSSJ121443.03+103159.1,6564.747986360054,12 14 43.0,+10 31 59
NGC4200,6591.6645303909045,12 14 44.2,+12 10 51
SDSSJ121444.59+124722.7,6602.528620620057,12 14 44.6,+12 47 23
SDSSJ121444.86+060916.2,6564.260555973922,12 14 44.9,+06 09 16
PGC089680,6579.616856660564,12 14 49.8,+17 43 08
PGC1368352,6595.616306712854,12 14 53.5,+09 40 11
IC3059,6585.147409137461,12 14 55.1,+13 27 38
PGC089681,6612.327248332516,12 14 56.7,+20 53 50
SDSSJ121458.02+075304.2,6588.443033296464,12 14 58.0,+07 53 04
PGC039144,6576.406295243025,12 14 58.6,+11 51 51
PGC039159,6601.548020750237,12 15 03.9,+13 01 55
PGC039153,6593.850553439636,12 15 04.0,+09 45 13
IC3061,6586.42022373084,12 15 04.5,+14 01 44
IC3063,6581.148099403109,12 15 06.8,+12 01 00
PGC039164,6609.947763635384,12 15 08.6,+14 58 19
IC3065,6577.414468787746,12 15 12.6,+14 25 58
NGC4204,6584.838233136868,12 15 14.5,+20 39 31
IC3066,6607.022661623899,12 15 16.4,+13 28 25
NGC4206,6597.918710409109,12 15 16.8,+13 01 26
SDSSJ121517.12+062335.3,6562.581881565394,12 15 17.1,+06 23 36
PGC039188,6566.1188477350415,12 15 18.3,+05 45 40
SDSSJ121518.94+025538.2,6573.760699684872,12 15 19.1,+02 55 39
SDSSJ121527.31+103044.4,6584.00960496168,12 15 27.3,+10 30 45
NGC4207,6577.503791367817,12 15 30.5,+09 35 06
IC3073,6580.350357023764,12 15 35.7,+13 37 11
PGC039230,6576.207206650632,12 15 39.0,+08 17 01
NGC4212,6583.233474767324,12 15 39.3,+13 54 06
UGC07269,6574.166626347951,12 15 40.1,+15 00 20
IC3074,6582.684997536611,12 15 46.1,+10 41 58
PGC039250,6569.715116529537,12 15 53.8,+14 01 30
NGC4216,6567.32246761758,12 15 54.3,+13 08 58
NGC4215,6573.372066449452,12 15 54.5,+06 24 04
IC3077,6594.474083141337,12 15 56.3,+14 25 59
PGC039255,6578.474635712344,12 15 56.4,+09 39 03
PGC039264,6584.7427582640385,12 16 00.4,+08 12 08
PGC039265,6558.40491375155,12 16 00.4,+04 39 03
IC3081,6584.368951258068,12 16 09.1,+12 41 29
PGC1475898,6575.22996917303,12 16 10.1,+15 07 25
PGC039286,6595.380780808447,12 16 11.5,+11 21 37
PGC039260,6588.169255713791,12 16 11.9,+08 22 24
SDSSJ121612.76+072721.6,6597.789627407807,12 16 12.7,+07 27 22
PGC039288,6584.161804482377,12 16 13.0,+07 55 45
PGC039292,6598.90896105161,12 16 14.6,+13 35 11
PGC039296,6580.63310547384,12 16 15.4,+14 14 32
PGC1466850,6572.986277333395,12 16 20.6,+14 46 26
NGC4222,6590.761427603386,12 16 22.7,+13 18 26
PGC039309,6571.3358610186315,12 16 23.2,+07 47 59
EVCC0248,6569.770642312598,12 16 24.9,+07 29 16
SDSSJ121626.98+060307.6,6595.218001654749,12 16 27.0,+06 03 08
PGC039331,6574.796613449723,12 16 33.7,+13 01 53
NGC4224,6596.971629041364,12 16 33.8,+07 27 43
PGC1376175,6584.374004923658,12 16 34.0,+10 12 23
PGC039333,6614.818979225592,12 16 35.2,+07 02 30
PGC135798,6556.194427161469,12 16 38.7,-01 27 06
SDSSJ121643.25+244306.1,6593.537091978883,12 16 43.2,+24 43 06
PGC039351,6593.093078961336,12 16 47.9,+08 02 56
SDSSJ121649.78+133014.8,6597.725043393283,12 16 50.0,+13 30 14
LSBVCC378,6580.817593900678,12 16 50.1,+07 51 45
EVCC0259,6587.6083217603145,12 16 50.6,+18 20 21
IC3096,6574.481922563596,12 16 52.4,+14 30 53
IC3094,6592.621336196178,12 16 56.0,+13 37 31
PGC039370,6590.628435526987,12 16 58.3,+12 15 49
IC3097,6581.706291036861,12 17 01.1,+09 24 27
UGC07307,6574.559594006318,12 17 04.2,+10 00 20
IC3100,6575.279904331611,12 17 05.5,+12 17 23
SDSSJ121707.14+074401.9,6580.1415733619615,12 17 07.2,+07 44 01
NGC4233,6552.423130707039,12 17 07.7,+07 37 28
NGC4234,6579.393488644794,12 17 09.1,+03 40 58
IC3099,6582.620269442212,12 17 09.3,+12 27 14
NGC4235,6572.894214070432,12 17 09.9,+07 11 30
PGC039392,6601.945308118239,12 17 10.7,+06 25 55
NGC4237,6607.365011331343,12 17 11.4,+15 19 26
UGC07314,6576.765082986556,12 17 14.5,+08 56 32
NGC4239,6606.098665169405,12 17 14.9,+16 31 53
IC3101,6607.596952744301,12 17 19.7,+11 56 37
SDSSJ121722.25+052545.2,6563.52948171932,12 17 22.2,+05 25 45
IC3102,6584.144326877514,12 17 25.8,+06 41 24
PGC039415,6572.916149275669,12 17 26.5,+13 44 13
PGC039413,6605.862419715971,12 17 27.3,+17 39 02
SDSSJ121727.85+071937.6,6569.643032158462,12 17 27.8,+07 19 38
PGC1419134,6586.440845321031,12 17 28.1,+12 55 56
PGC039420,6565.418648920508,12 17 28.9,+08 31 58
PGC039421,6614.547513019253,12 17 29.5,+14 53 10
PGC039424,6575.238814583661,12 17 30.7,+06 41 51
IC3105,6558.043856217714,12 17 33.7,+12 23 16
AGC226054,6599.282752533182,12 17 33.8,+14 23 47
UGC07321,6590.791194523851,12 17 34.0,+22 32 25
PGC1286394,6575.49410851463,12 17 41.2,+05 37 15
SDSSJ121744.76+060457.6,6587.842624510193,12 17 44.8,+06 04 58
SDSSJ121746.61+052236.2,6589.244571249183,12 17 46.6,+05 22 36
PGC039460,6561.538418359285,12 17 47.4,+04 28 42
AGC226055,6611.5391223597235,12 17 49.1,+15 04 52
PGC039467,6591.53141450951,12 17 52.7,+13 10 36
PGC039468,6569.6186188602305,12 17 52.9,+05 01 38
PGC1294753,6582.952235834105,12 17 55.6,+06 06 46
UGC07332,6541.088454349442,12 17 56.0,+00 26 10
NGC4249,6560.261221652657,12 17 59.4,+05 35 55
IC3115,6566.91787329085,12 18 00.0,+06 39 15
AGC226127,6586.877660647695,12 18 00.3,+08 09 55
SDSSJ121804.26+144510.4,6594.443886451861,12 18 04.3,+14 45 11
SDSSJ121804.89+074444.9,6570.912801699493,12 18 04.9,+07 44 45
PGC039488,6600.570432922173,12 18 06.8,+05 41 04
PGC039501,6575.777855503368,12 18 07.3,+05 55 49
IC3118,6599.363073880968,12 18 11.1,+09 29 59
SDSSJ121811.60+043840.2,6559.795002484604,12 18 11.6,+04 38 40
PGC039509,6547.996457465561,12 18 14.4,+06 36 13
IC3120,6583.919252004262,12 18 15.3,+13 44 57
AGC229053,6599.129419543967,12 18 15.5,+25 34 05
PGC039515,6584.710416005828,12 18 17.9,+04 24 09
PGC1314461,6578.234565693926,12 18 18.0,+07 07 41
SDSSJ121820.26+050700.4,6550.680675039884,12 18 20.3,+05 07 01
SDSSJ121820.56+045113.6,6576.044718438139,12 18 20.6,+04 51 14
PGC039532,6565.005682638676,12 18 28.1,+05 36 57
SDSSJ121828.33+060433.9,6535.310637100225,12 18 28.3,+06 04 34
PGC039533,6590.830074581885,12 18 28.5,+06 24 21
NGC4252,6579.156666956057,12 18 30.9,+05 33 34
PGC039539,6565.061972356408,12 18 31.7,+05 50 59
PGC039542,6595.06302916446,12 18 31.9,+13 11 28
PGC039556,6585.27337795131,12 18 38.6,+06 42 30
PGC039561,6579.21961322115,12 18 39.9,+13 35 54
UGC07346,6596.024368828402,12 18 41.8,+17 43 07
PGC039564,6562.087801861746,12 18 42.2,+05 39 56
PGC039565,6570.9635136002935,12 18 42.9,+05 47 20
PGC039566,6583.813489469156,12 18 43.9,+12 23 09
SDSSJ121845.12+061547.3,6589.5457510692295,12 18 45.1,+06 15 47
PGC1193160,6578.114788733011,12 18 47.1,+01 22 54
NGC4254,6584.88858690052,12 18 49.6,+14 25 00
IC3131,6580.688234361165,12 18 50.9,+07 51 43
PGC039584,6598.493332729536,12 18 51.3,+12 35 52
NGC4255,6576.980258429071,12 18 56.2,+04 47 10
PGC039606,6591.390374749621,12 19 00.5,+06 05 41
PGC039610,6573.814447305885,12 19 02.0,+13 58 57
IC0776,6575.875951227657,12 19 03.2,+08 51 22
PGC039619,6583.5259128045955,12 19 05.1,+13 58 52
PGC039621,6594.599950540232,12 19 05.1,+04 39 39
PGC039620,6591.135055933752,12 19 05.9,+05 44 20
NGC4257,6569.513838252611,12 19 06.5,+05 43 33
SDSSJ121907.33+073805.5,6582.379647257066,12 19 07.6,+07 38 03
UGC07354,6595.512116171088,12 19 09.9,+03 51 22
PGC039632,6599.352638720543,12 19 11.2,+12 53 02
PGC039638,6597.748604153974,12 19 12.5,+12 51 07
PGC039639,6579.727926627618,12 19 13.8,+05 59 12
PGC039641,6582.391885770403,12 19 14.2,+13 52 56
PGC039647,6575.411285707086,12 19 15.3,+06 18 25
AGC220354,6570.893259667401,12 19 15.6,+06 17 38
PGC039648,6591.432362364883,12 19 16.4,+15 23 46
SDSSJ121917.10+053442.3,6581.135251211892,12 19 17.1,+05 34 42
PGC039652,6573.065783803641,12 19 20.2,+05 28 00
AGC226061,6573.8956053521115,12 19 20.4,+12 57 10
PGC039653,6571.400061473094,12 19 20.7,+06 42 18
PGC1273077,6585.049434185983,12 19 21.1,+04 46 24
IC3148,6577.131730484532,12 19 21.7,+07 52 14
PGC039655,6598.111651287543,12 19 22.1,+05 54 38
NGC4259,6584.969817137553,12 19 22.2,+05 22 35
NGC4260,6561.608483595709,12 19 22.3,+06 05 56
PGC039660,6573.855746825769,12 19 23.1,+05 47 41
NGC4261,6572.460341368292,12 19 23.2,+05 49 30
[TH2002]230,6571.908031687841,12 19 23.4,+19 35 14
PGC039662,6555.5099881460055,12 19 23.8,+06 13 59
PGC091191,6560.028473585939,12 19 25.9,+00 12 45
PGC039670,6594.961586114954,12 19 25.9,+13 18 38
PGC1270208,6574.584844910226,12 19 27.7,+04 34 42
PGC039672,6552.4034645282545,12 19 27.8,+05 02 51
PGC039669,6559.589540637852,12 19 28.5,+06 16 23
UGC07366,6595.677685842269,12 19 28.7,+17 13 50
NGC4262,6581.695524632567,12 19 30.6,+14 52 40
NGC4264,6560.644954751895,12 19 35.8,+05 50 48
PGC039692,6581.256153946371,12 19 37.0,+15 09 44
EVCC0352,6581.555544669306,12 19 39.3,+07 07 11
UGC07370,6559.0010311414635,12 19 40.3,+02 04 48
NGC4266,6544.77097358676,12 19 42.3,+05 32 18
AGC227980,6584.850253453696,12 19 42.5,+05 35 15
NGC4267,6569.575482739273,12 19 45.3,+12 47 54
IC3155,6567.639631345782,12 19 45.3,+06 00 21
PGC039711,6566.289374075164,12 19 45.3,+05 27 24
NGC4268,6586.6100884254465,12 19 47.2,+05 17 01
2MASXJ12194916+0511061,6579.558480553029,12 19 49.2,+05 11 06
NGC 4269,6582.008705609331,12 19 49.2,+06 00 54
NGC4270,6590.826473489402,12 19 49.4,+05 27 48
PGC039727,6580.556713028985,12 19 51.5,+05 59 47
PGC039730,6566.468465707031,12 19 53.2,+01 46 24
PGC039734 = VCC0381,6606.584095656806,12 19 53.5,+06 39 57
SDSSJ121953.72+060156.4,6593.017149522048,12 19 53.7,+06 01 56
NGC4273,6564.335939966079,12 19 56.1,+05 20 36
IC0781,6585.424542561762,12 20 03.3,+14 57 41
PGC039757,6563.28303562894,12 20 03.5,+06 00 38
NGC4277,6571.459601362035,12 20 03.7,+05 20 27
PGC039760,6571.828238059776,12 20 04.0,+05 24 53
NGC4276,6573.087621389483,12 20 07.5,+07 41 30
PGC039766,6577.358175240551,12 20 08.6,+09 28 04
PGC1211453,6536.371511881356,12 20 11.5,+01 57 31
PGC039772,6563.359844262916,12 20 12.2,+06 37 23
SDSSJ122013.89+050106.1,6578.855453066385,12 20 13.9,+05 01 07
PGC039788,6576.958314316917,12 20 16.2,+05 02 21
UGC07387,6566.428637532413,12 20 17.4,+04 12 07
PGC039792,6573.003141524859,12 20 17.8,+06 00 06
IC3167,6568.609228976046,12 20 18.8,+09 32 43
SDSSJ122020.13+094750.0,6570.964049599361,12 20 20.1,+09 47 50
PGC039799,6575.478444393406,12 20 21.2,+00 22 01
NGC4281,6577.07781735685,12 20 21.5,+05 23 11
PGC039803,6595.07577716974,12 20 21.8,+12 11 16
PGC039804,6582.468508567832,12 20 23.2,+06 08 06
PGC039806,6588.136224415801,12 20 23.3,+13 53 52
NGC4282,6584.798743158345,12 20 24.3,+05 34 22
PGC039813,6576.496668040188,12 20 25.3,+06 54 31
UGC07394,6582.102906896187,12 20 27.7,+01 28 11
PGC1108616,6587.9179645957665,12 20 28.8,-01 50 21
PGC1143004,6554.260956339441,12 20 30.3,-00 27 03
PGC039825,6576.789864997111,12 20 30.7,+13 31 09
SDSSJ122030.92+063823.7,6603.290748187641,12 20 30.9,+06 38 24
UGC07396,6574.8319575474725,12 20 33.8,+00 47 17
PGC039833,6579.941725295985,12 20 33.9,+02 58 04
PGC1289492,6569.298537519038,12 20 35.0,+05 48 27
PGC039838,6589.891486113698,12 20 36.4,+12 53 05
SDSSJ122038.59+055432.3,6571.2239228130675,12 20 38.6,+05 54 32
PGC1278179,6572.556346235408,12 20 40.1,+05 06 18
PGC039845,6585.948474411241,12 20 40.3,+13 53 21
AGC229052,6569.83361933061,12 20 41.1,+24 57 21
PGC039849,6575.466966913369,12 20 43.9,+14 37 52
NGC4287,6567.052954085588,12 20 48.5,+05 38 23
UGC07399A,6600.03531416121,12 20 48.8,+17 29 14
PGC039861,6575.9495083218,12 20 48.8,+06 43 25
PGC1292491,6567.664921965319,12 20 48.9,+05 58 54
PGC039863,6566.747895969782,12 20 51.2,+07 03 33
PGC039866,6580.0678610912055,12 20 52.2,+05 13 55
SDSSJ122054.58+032409.7,6566.0202346712895,12 20 54.6,+03 24 10
SDSSJ122056.32+051120.5,6548.840217256948,12 20 56.3,+05 11 20
PGC039878,6571.341827732175,12 20 57.8,+06 20 22
PGC039883,6599.455978473299,12 21 00.2,+12 43 33
NGC4289,6549.706879940792,12 21 02.3,+03 43 19
PGC039889,6569.8644335322915,12 21 03.7,+07 04 40
PGC039893,6601.234752696619,12 21 04.8,+11 45 17
PGC039902,6578.176372484922,12 21 05.7,+00 33 10
PGC039894,6601.996293788798,12 21 06.0,+11 35 43
PGC1166504,6530.738652371552,12 21 07.0,+00 27 41
PGC039904,6585.811197545288,12 21 11.3,+17 38 19
PGC039905,6581.428339123655,12 21 12.8,+08 57 47
NGC4293,6576.927699058316,12 21 12.9,+18 22 59
AGC226131,6577.994546751067,12 21 13.2,+10 37 32
PGC039910,6582.529587922695,12 21 15.1,+13 20 47
PGC039923,6574.536211385808,12 21 15.3,+05 20 30
NGC4292,6562.226575208612,12 21 16.5,+04 35 44
NGC4294,6587.47830547329,12 21 17.8,+11 30 38
PGC039929,6592.311699527803,12 21 18.6,+04 04 35
PGC039928,6577.604139494671,12 21 19.2,+16 36 33
PGC1291858,6587.021050970654,12 21 22.5,+05 56 52
PGC5065931,6570.343869308247,12 21 26.0,+14 24 42
KDG104,6617.569604257021,12 21 27.2,+15 01 17
PGC039947,6586.101225822806,12 21 29.0,+08 09 03
SDSSJ122130.67+123915.1,6595.424187474034,12 21 30.7,+12 39 15
NGC4298,6589.209340743386,12 21 32.8,+14 36 22
UGC07411,6560.353348744368,12 21 34.1,+04 46 46
IC0782,6561.938398626491,12 21 37.0,+05 45 57
SDSSJ122138.38+084638.0,6593.1758393930895,12 21 38.4,+08 46 38
IC0783,6577.993522865621,12 21 38.8,+15 44 42
PGC039967,6557.315888880899,12 21 39.6,+04 23 34
AGC229177,6575.884104808048,12 21 40.2,+01 50 25
NGC4299,6576.997984154528,12 21 40.6,+11 30 10
NGC4300,6599.502762499004,12 21 41.5,+05 23 05
PGC039971,6592.497562257343,12 21 41.6,+15 04 32
NGC4302,6591.495979983919,12 21 42.4,+14 35 54
PGC039985,6585.852742323356,12 21 44.6,+09 14 12
PGC1292607,6576.829505947339,12 21 47.1,+05 59 20
PGC039986,6584.743483671792,12 21 48.0,+12 49 36
PGC039996,6582.860547220057,12 21 50.1,+09 44 21
PGC039994,6585.283194065102,12 21 50.4,+08 32 30
UGC07425,6566.184114976722,12 21 53.7,+15 38 46
NGC4303,6586.683931452649,12 21 54.8,+04 28 26
UGC07423,6576.456153241501,12 21 55.5,+06 27 03
UGC07421,6580.727503195511,12 21 55.6,+11 58 01
PGC3294456,6575.090653827619,12 21 55.8,-01 35 36
SDSSJ122155.85+174052.5,6567.817723980316,12 21 55.9,+17 40 53
UGC07424,6571.69982046638,12 21 57.5,+08 40 30
PGC040015,6580.947826545347,12 21 57.8,+02 20 42
UGC07422,6597.781615179667,12 22 01.3,+05 06 01
NGC4305,6590.708643241827,12 22 03.6,+12 44 27
NGC4306,6595.219875204642,12 22 04.1,+12 47 15
SDSSJ122204.66+074422.0,6571.517865708633,12 22 04.6,+07 44 22
NGC4307,6589.152078290389,12 22 05.7,+09 02 37
PGC040037,6569.007031939426,12 22 06.5,+06 46 57
GR34,6587.285071177313,12 22 07.7,+15 47 57
PGC040046,6563.390514784796,12 22 08.6,+09 53 40
IC3215,6583.563885038522,12 22 10.2,+26 03 08
PGC040050,6582.3507984479365,12 22 11.0,+04 57 07
NGC4309,6562.299118086503,12 22 12.4,+07 08 39
PGC040059,6579.114972097188,12 22 14.7,+07 10 02
PGC040058,6576.603733633675,12 22 14.8,+14 08 32
IC3218,6575.034451435962,12 22 19.5,+06 55 40
UGC07436,6603.844151262182,12 22 19.5,+14 45 39
IC0783A,6611.1649586228505,12 22 19.6,+15 44 01
PGC040074,6584.835754769359,12 22 21.6,+10 36 07
PGC040083,6583.508235781091,12 22 24.3,+15 28 16
NGC4303A,6545.9710383548845,12 22 27.2,+04 33 59
PGC040094,6590.089347658305,12 22 31.3,+07 07 08
NGC4312,6621.551316294803,12 22 31.3,+15 32 16
PGC040096,6597.655638776032,12 22 31.7,+11 48 09
AGC227956,6571.231109280694,12 22 31.7,+04 40 11
IC3227,6615.066024936605,12 22 35.7,+24 05 08
PGC040100,6577.392287936075,12 22 35.9,+12 09 28
PGC040107,6574.468509186444,12 22 37.8,+08 17 47
VCC565,6545.649776803765,12 22 38.4,+06 00 52
NGC4313,6576.902956079029,12 22 38.5,+11 48 04
IC3225,6568.764654272721,12 22 39.0,+06 40 38
PGC040115,6589.818293663376,12 22 41.1,+07 57 01
NGC4316,6596.146750510888,12 22 42.2,+09 19 57
NGC4318,6568.014186548486,12 22 43.3,+08 11 54
SDSSJ122243.57+052723.0,6579.683008218846,12 22 43.6,+05 27 23
KK140,6589.84826331329,12 22 48.3,+07 54 49
PGC040141,6579.23005678879,12 22 50.8,+13 35 34
IC3229,6583.847478344446,12 22 52.8,+06 40 48
NGC4321,6599.163653273673,12 22 54.9,+15 49 20
PGC040156,6583.8130944662025,12 22 56.2,+07 43 59
PGC040157,6581.070074574458,12 22 56.6,+02 44 49
PGC1337184,6586.517008384462,12 22 59.7,+08 01 51
NGC4323,6588.0700849802815,12 23 01.7,+15 54 20
PGC040175,6575.556340701716,12 23 03.3,+05 47 09
VCC615,6585.260048338247,12 23 04.7,+12 00 56
PGC040177,6589.215600550337,12 23 04.8,+08 20 00
NGC4324,6595.29132652472,12 23 06.2,+05 15 02
PGC040186,6607.15952058065,12 23 07.4,+13 44 40
IC3239,6588.134555668513,12 23 09.6,+11 43 34
PGC1165632,6567.473458615443,12 23 09.9,+00 25 37
PGC040200,6585.198518754761,12 23 16.1,+07 41 14
NGC4330,6588.356347443918,12 23 17.1,+11 22 04
PGC1286175,6555.414685550924,12 23 18.4,+05 36 26
PGC040210,6576.955876021148,12 23 20.0,+07 04 05
NGC4328,6578.831435281178,12 23 20.0,+15 49 14
PGC040214,6600.70771213804,12 23 21.2,+15 52 06
PGC1206706,6545.715508868318,12 23 23.4,+01 48 54
PGC040229,6577.143660434484,12 23 28.6,+05 48 59
NGC4336,6604.022345142,12 23 29.8,+19 25 37
RFGC2272,6574.251060893176,12 23 30.0,+02 00 29
PGC040235,6588.052577928176,12 23 31.8,+17 47 41
AGC229201,6559.868763936328,12 23 31.8,+02 59 03
NGC4339,6555.843479078256,12 23 34.9,+06 04 54
NGC4340,6591.046821808396,12 23 35.3,+16 43 21
NGC4344,6592.1857944713,12 23 37.5,+17 32 27
NGC4343,6584.719777258942,12 23 38.7,+06 57 15
NGC4342,6584.540270485247,12 23 39.0,+07 03 14
PGC040262,6592.770454073628,12 23 42.9,+18 39 43
IC3258,6612.986149148048,12 23 44.4,+12 28 39
IC3259,6582.43848205119,12 23 48.5,+07 11 12
SDSSJ122349.62+182720.7,6580.576094792404,12 23 49.6,+18 27 21
PGC040274,6589.712908564921,12 23 49.9,+06 03 35
PGC040279,6574.370746253312,12 23 52.6,+13 52 57
PGC040286,6616.0278701238185,12 23 53.0,+12 46 22
NGC4341,6572.51404473246,12 23 53.5,+07 06 26
NGC4348,6544.606595474024,12 23 54.0,-03 26 34
PGC040285,6531.3910213634845,12 23 54.2,+03 05 06
PGC040298,6604.288567024454,12 23 57.7,+12 53 14
PGC040300,6575.345537739329,12 23 57.8,+11 53 32
NGC4350,6580.855688644403,12 23 57.8,+16 41 36
SDSSJ122358.19+072701.7,6564.268691974668,12 23 58.2,+07 27 02
NGC4353,6551.01281643636,12 24 00.3,+07 47 07
NGC4351,6578.8254221250845,12 24 01.5,+12 12 17
EVCC0504,6589.045105575927,12 24 01.9,+16 50 21
PGC040310,6573.564559047704,12 24 03.2,+05 10 50
PGC040312,6576.7243127192605,12 24 04.0,+17 32 58
NGC4352,6574.932677849677,12 24 05.0,+11 13 05
SDSSJ122405.09+081737.7,6594.8536995222385,12 24 05.1,+08 17 38
PGC040315,6573.4203841110975,12 24 05.3,+10 04 04
IC3267,6560.368690229203,12 24 05.5,+07 02 29
PGC3293423,6575.188894188366,12 24 06.3,+02 05 35
IC3268,6580.6752483055425,12 24 07.4,+06 36 29
AGC749235,6587.644423303561,12 24 09.9,+26 13 52
PGC040335,6582.536684100891,12 24 12.5,+11 31 46
DDO121,6586.84398273203,12 24 12.5,+00 34 00
PGC040338,6558.949254769922,12 24 13.8,+07 10 30
SDSSJ122414.10+184120.7,6577.212824159511,12 24 14.1,+18 41 21
Mrk51,6580.759869667736,12 24 14.5,+04 13 33
NGC4356,6586.100515767903,12 24 14.6,+08 32 11
UGC07485,6586.184790458923,12 24 22.2,+21 09 36
NGC4365,6590.790532735254,12 24 28.1,+07 19 00
KDG118,6560.970913210484,12 24 30.8,+00 04 16
SDSSJ122431.27+062916.5,6574.973752165447,12 24 31.3,+06 29 16
PGC040388,6563.497560260904,12 24 32.0,+08 38 15
PGC1293380,6595.253815531644,12 24 35.3,+06 01 59
PGC040408,6545.695986659326,12 24 39.4,+03 59 44
PGC040409,6568.637057125415,12 24 39.5,+08 30 14
PGC040411,6570.294700985913,12 24 40.0,+03 18 11
PGC040414,6547.610118667856,12 24 41.3,+03 43 17
VLSB-D,6609.188048161983,12 24 42.1,+13 31 02
NGC4366,6566.160718704959,12 24 47.0,+07 21 11
PGC040422,6592.14994204771,12 24 47.6,+14 34 35
PGC040424,6590.904536673229,12 24 47.8,+08 59 29
IC3292,6585.4022257372535,12 24 48.4,+18 11 42
PGC040428,6559.131066700314,12 24 49.6,+06 45 34
PGC040434,6603.429046874903,12 24 51.6,+13 06 40
PGC040435,6595.186737695662,12 24 53.1,+09 29 37
PGC040437,6586.345388581527,12 24 54.1,+07 33 25
NGC4370,6582.422986206753,12 24 54.9,+07 26 41
SDSSJ122454.85+164839.1,6606.984854954026,12 24 54.9,+16 48 39
NGC4371,6586.695987833353,12 24 55.4,+11 42 15
PGC040444,6585.185648747697,12 24 56.1,+11 49 56
PGC040453,6596.768876997939,12 25 03.0,+07 30 14
PGC040457,6580.297398865854,12 25 03.5,+13 14 41
NGC4374,6594.736578525411,12 25 03.7,+12 53 14
IC3298,6620.0187990927725,12 25 03.7,+17 00 57
PGC1374571,6590.817003815449,12 25 04.1,+10 06 04
PGC040462,6603.155332909458,12 25 04.3,+15 42 41
PGC040461,6552.807448696094,12 25 05.6,+05 19 45
PGC040468,6564.037767416708,12 25 08.2,+06 53 26
PGC040469,6574.443577507015,12 25 08.7,+04 24 52
NGC4377,6598.107170515111,12 25 12.3,+14 45 44
PGC040479,6581.119915205316,12 25 13.1,+13 01 32
IC3305,6587.475020438883,12 25 14.5,+11 50 58
NGC4379,6599.274413807684,12 25 14.7,+15 36 27
IC3303,6566.662608197189,12 25 15.2,+12 42 53
PGC040493,6578.38056755732,12 25 16.8,+11 36 19
PGC040491,6601.706711389188,12 25 17.5,+14 10 21
NGC4376,6575.19223437984,12 25 18.1,+05 44 28
NGC4378,6574.657902884885,12 25 18.1,+04 55 30
IC3308,6590.3467429465345,12 25 18.2,+26 42 55
PGC3294393,6530.833849403268,12 25 19.6,-01 35 56
PGC040505,6580.026667542984,12 25 21.6,+13 04 15
UGC07504,6595.148636771019,12 25 21.6,+16 25 47
NGC4380,6589.356112584058,12 25 22.1,+10 01 00
PGC040511,6577.427791938899,12 25 23.2,+14 48 12
NGC4382,6606.03559254229,12 25 24.0,+18 11 25
PGC040512,6571.931855155674,12 25 24.1,+18 08 23
NGC4383,6590.533936433691,12 25 25.5,+16 28 12
PGC040519,6583.603607031955,12 25 28.5,+12 38 12
PGC040521,6598.126035528318,12 25 29.1,+13 29 54
PGC169259,6583.079162974121,12 25 31.5,+11 09 30
IC3311,6617.838847830087,12 25 33.1,+12 15 38
PGC040534,6587.661283536673,12 25 33.5,+13 13 38
PGC040531,6580.436913932165,12 25 33.5,+04 48 28
PGC040540,6593.571505169999,12 25 34.8,+15 11 40
PGC1282537,6598.6696021235475,12 25 35.3,+05 22 52
PGC040547,6579.078120347448,12 25 36.0,+15 50 51
IC3313,6604.925081160042,12 25 36.4,+15 49 48
PGC040548,6597.121133409185,12 25 37.2,+13 08 37
PGC040553,6578.60192578387,12 25 38.7,+14 09 03
PGC040554,6565.765926028236,12 25 38.8,+07 43 56
PGC040556,6595.150670265038,12 25 38.9,+12 18 50
PGC040560,6585.634454001527,12 25 39.4,+10 35 02
UGC07512 = LV,6541.976703995702,12 25 41.2,+02 09 33
PGC169266,6593.172291912461,12 25 41.3,+13 02 51
NGC4387,6581.99814878161,12 25 41.7,+12 48 38
SDSSJ122542.56+264834.5,6608.2776815888055,12 25 42.5,+26 48 35
RFGC2284,6587.512072350176,12 25 42.5,+07 13 02
NGC4385,6574.104821512159,12 25 42.8,+00 34 22
PGC040574,6583.775648327908,12 25 44.6,+13 01 20
NGC4388,6586.121312378873,12 25 46.8,+12 39 44
PGC040588,6609.497032672842,12 25 47.5,+14 57 07
PGC040598,6602.417631015435,12 25 50.5,+13 11 52
NGC4390,6598.365395162099,12 25 50.7,+10 27 33
EVCC0580,6581.272395417575,12 25 51.2,+07 47 15
NGC4393,6586.536189097438,12 25 51.2,+27 33 39
PGC040604,6586.962066367627,12 25 52.5,+05 48 34
IC3322,6578.36909107282,12 25 54.1,+07 33 17
NGC4394,6606.7472618840575,12 25 55.6,+18 12 51
PGC040611,6588.471409575131,12 25 55.7,+12 46 11
PGC040615,6568.04985616437,12 25 56.1,+07 14 05
IC3328,6588.151063000486,12 25 57.9,+10 03 14
RFGC2285,6567.967931445109,12 25 58.5,+03 25 47
PGC040617,6594.530348606731,12 25 58.9,+15 16 38
NGC4396,6579.373227344075,12 25 59.1,+15 40 15
PGC040630,6580.830949176687,12 26 00.9,+07 27 19
PGC040631,6590.342385302799,12 26 01.3,+08 11 37
IC3331,6582.149391598489,12 26 05.3,+11 48 44
PGC040636,6588.126513349699,12 26 05.6,+12 33 35
PGC040641,6590.600013077601,12 26 06.7,+12 51 40
NGC4405,6589.514811899333,12 26 07.1,+16 10 51
NGC4402,6573.92855725207,12 26 07.6,+13 06 47
NGC4406,6584.193098969193,12 26 11.8,+12 56 45
UGC07531,6557.889573589474,12 26 11.9,-01 18 16
SDSSJ122613.89+035013.6,6574.856113467466,12 26 13.9,+03 50 14
PGC040659,6580.895065228576,12 26 15.2,+12 57 50
PGC1204412,6580.58634931314,12 26 17.8,+01 44 30
PGC040670,6588.048469250145,12 26 18.5,+08 20 59
PGC135801,6557.328047294738,12 26 19.3,+01 01 11
AGC226080,6576.774401541894,12 26 19.4,+12 53 30
PGC040672,6596.085532397891,12 26 20.0,+12 30 37
PGC040674,6572.84503598497,12 26 21.6,+06 40 11
PGC040683,6566.237179730431,12 26 22.7,-01 15 15
SDSSJ122624.54+041900.8,6556.104779773518,12 26 24.5,+04 19 01
PGC040680,6567.804862650559,12 26 24.9,+10 34 55
PGC040687,6597.234574866932,12 26 26.1,+16 31 23
NGC4411,6573.718719741118,12 26 29.6,+08 52 17
NGC4413,6583.392994193163,12 26 32.2,+12 36 38
IC3344,6603.0622364521505,12 26 32.4,+13 34 43
PGC040707,6587.5472407798625,12 26 33.2,+12 44 35
PGC040712,6592.1128551197935,12 26 35.1,+09 59 00
NGC4412,6585.061062841404,12 26 36.1,+03 57 53
SDSSJ122638.81+164303.8,6573.696508683545,12 26 38.8,+16 43 04
PGC040723,6588.5324765161595,12 26 39.8,+12 30 49
NGC4415,6573.607853468346,12 26 40.5,+08 26 08
SDSSJ122641.71+180813.4,6597.749982815194,12 26 41.7,+18 08 14
PGC040732,6587.416556650284,12 26 44.0,+10 54 17
PGC040737,6555.895007577251,12 26 44.3,+08 49 26
PGC040739,6596.377274872671,12 26 44.4,+11 22 47
NGC4416,6579.076025067206,12 26 46.7,+07 55 08
IC3349,6582.744597959542,12 26 47.1,+12 27 14
NGC4411B,6615.232001618491,12 26 47.2,+08 53 05
PGC1327818,6590.065875869504,12 26 47.9,+07 40 17
KDG130,6612.676245748631,12 26 50.5,+11 33 32
NGC4417,6583.172867934157,12 26 50.6,+09 35 03
IC3355,6593.283457440563,12 26 51.2,+13 10 29
IC3358,6584.360668664657,12 26 54.4,+11 39 50
EVCC0629,6614.751172403275,12 26 54.4,+18 23 37
PGC040759,6558.559776610052,12 26 54.5,+10 39 57
NGC4355,6539.60165182426,12 26 54.6,-00 52 39
PGC040767,6585.0886547998625,12 26 54.8,+13 33 58
PGC040766,6584.608535657038,12 26 55.7,+09 52 56
NGC4419,6614.086215126479,12 26 56.4,+15 02 51
PGC040769,6588.103861242057,12 26 56.4,+12 57 41
NGC4409,6573.071565300611,12 26 58.5,+02 29 40
PGC040779,6573.8462580740415,12 26 59.2,+14 46 57
NGC4421,6588.873894931804,12 27 02.5,+15 27 41
IC3363,6579.82707262013,12 27 03.1,+12 33 38
PGC040787,6599.747248116836,12 27 03.8,+12 52 00
PGC040790,6556.830168756389,12 27 04.5,-00 54 21
NGC4423,6585.56303652574,12 27 09.0,+05 52 50
PGC040803,6586.520612241418,12 27 09.9,+08 23 24
PGC040806,6589.382024278223,12 27 11.2,+12 02 17
UGC07557,6598.018392219645,12 27 11.3,+07 15 47
IC3365,6575.716473255976,12 27 11.4,+15 53 50
NGC4424,6597.257563166096,12 27 11.7,+09 25 14
PGC040810,6581.9974550882835,12 27 11.9,+08 50 24
PGC040814,6582.121294026997,12 27 12.8,+17 49 15
PGC213995,6561.520489663849,12 27 12.8,+07 38 21
NGC4425,6605.370024440356,12 27 13.3,+12 44 05
AGC227991,6566.269217180006,12 27 15.6,+04 07 39
PGC040825,6571.693413518964,12 27 15.8,+04 15 49
IC3369,6596.190106398451,12 27 16.9,+16 01 28
PGC040831,6574.200129583265,12 27 17.6,+07 40 12
PGC040834,6594.9735623309025,12 27 18.7,+08 12 46
PGC040835,6594.855793084094,12 27 20.4,+16 25 42
PGC040838,6585.759845750635,12 27 21.1,+13 06 41
PGC040840,6590.890751064308,12 27 22.2,+12 04 07
IC3371,6584.3685895260405,12 27 22.2,+10 52 00
PGC040841,6578.361713785438,12 27 23.5,+12 19 54
PGC040844,6589.855826061551,12 27 24.6,+13 42 58
EVCC0658,6589.018873805767,12 27 25.0,+19 15 49
PGC040848,6574.822802353967,12 27 25.5,+13 45 03
NGC4430,6553.259992238908,12 27 26.3,+06 15 47
NGC4429,6585.193378662697,12 27 26.5,+11 06 28
PGC1279440,6562.564093516441,12 27 27.0,+05 11 17
NGC4431,6585.438462924075,12 27 27.4,+12 17 25
UGC07567,6581.519257381278,12 27 29.1,+07 38 37
PGC040867,6568.839395344226,12 27 30.1,+09 20 25
PGC040869,6581.061979814689,12 27 31.8,+09 35 45
PGC040872,6586.7818590837705,12 27 32.0,+11 36 55
IC3374,6578.024368228283,12 27 33.4,+10 00 12
PGC040881,6571.664641433551,12 27 34.8,+15 44 22
NGC4434,6586.555665579926,12 27 36.7,+08 09 16
PGC040893,6603.144356605476,12 27 37.6,+14 27 20
PGC040889,6574.336317326655,12 27 38.8,+18 26 04
NGC4435,6603.051978837337,12 27 40.5,+13 04 44
PGC040899,6569.2870275821,12 27 40.7,+15 56 42
NGC4436,6573.732343783179,12 27 41.3,+12 18 57
PGC040906,6590.907628677791,12 27 42.1,+12 05 23
PGC040912,6562.901454105543,12 27 44.3,+11 12 53
PGC040913,6579.58391200501,12 27 44.5,+12 59 03
NGC4438,6593.100461702917,12 27 45.5,+13 00 33
PGC040917,6582.650118460297,12 27 46.3,+11 26 07
PGC135803 = HIcl,6561.483725203022,12 27 46.3,+01 35 59
NGC4440,6578.322815251845,12 27 53.6,+12 17 36
UGC07580,6584.992363002299,12 27 54.8,+08 05 26
UGC07579,6551.707485753602,12 27 55.4,+05 43 16
PGC040946,6581.626157862253,12 28 00.4,+11 56 59
PGC040948,6587.413209473237,12 28 02.0,+15 26 40
UGC07584,6593.451056644875,12 28 02.8,+22 35 16
PGC040951,6555.22056417494,12 28 03.7,+02 54 36
NGC4442,6587.182932678352,12 28 03.9,+09 48 13
PGC200170,6602.622180874998,12 28 04.9,+13 36 43
PGC040957,6594.901300421339,12 28 05.0,+13 34 41
KKH80,6617.1409295002395,12 28 05.0,+22 17 27
PGC3089432,6613.109741139141,12 28 05.5,+26 40 22
PGC040958,6587.040900549993,12 28 06.5,+12 53 53
IC0794,6567.60655033985,12 28 08.6,+12 05 36
VLSB-B,6578.365879032267,12 28 10.6,+12 43 28
PGC040974,6578.144195023241,12 28 11.3,+09 45 37
PGC040972,6594.522521704079,12 28 12.0,+10 21 54
IC3383,6581.046197793578,12 28 12.3,+10 17 52
IC3384,6574.605786699339,12 28 12.8,+25 05 22
PGC040969,6574.1697480725725,12 28 12.8,+10 31 34
IC3381,6578.070020422464,12 28 14.9,+11 47 23
NGC4445,6583.749971899015,12 28 15.9,+09 26 11
PGC139866,6579.157190865964,12 28 15.9,+02 42 03
PGC1207185,6569.849749719049,12 28 16.0,+01 49 44
PGC040995,6585.968759713926,12 28 18.7,+11 42 01
UGC07590,6595.625669768306,12 28 18.8,+08 43 46
PGC041000,6578.485296764565,12 28 20.7,+08 00 42
PGC041007,6592.853128283623,12 28 23.7,+13 11 45
PGC041006,6592.629773875834,12 28 24.0,+11 25 14
SDSSJ122825.86+111424.9,6589.991350318407,12 28 25.9,+11 14 25
PGC041016,6580.703153439909,12 28 27.2,+06 56 45
IC3391,6596.888727366328,12 28 27.3,+18 24 54
IC3388,6578.630267242266,12 28 28.1,+12 49 25
NGC4450,6612.994852755361,12 28 29.5,+17 05 06
PGC041027,6580.178788268625,12 28 30.5,+07 19 29
UGC07596,6591.997538790681,12 28 33.9,+08 38 23
NGC4451,6590.801441973644,12 28 40.5,+09 15 32
PGC041056,6589.143879317469,12 28 41.5,+07 48 15
IC3393,6587.89284062534,12 28 41.7,+12 54 57
PGC041059,6575.553756820365,12 28 42.6,+12 32 59
IC3392,6568.561542254053,12 28 43.3,+14 59 58
NGC4452,6568.928234409085,12 28 43.3,+11 45 18
NGC4455,6614.77182861597,12 28 44.1,+22 49 16
PGC041068,6603.33071179058,12 28 44.9,+12 48 35
NGC4454,6556.870556329035,12 28 50.7,-01 56 21
PGC041084,6564.734775728211,12 28 50.8,-02 03 39
PGC041090,6599.028502579614,12 28 54.9,+09 25 16
PGC041091,6576.635066426043,12 28 55.4,+08 49 01
NGC4458,6590.829279880391,12 28 57.6,+13 14 31
PGC3294335,6582.289154035333,12 28 57.9,-01 36 10
PGC041098,6584.97790439712,12 28 58.1,+12 39 42
NGC4457,6578.316840380076,12 28 59.0,+03 34 14
PGC041102,6606.293988323282,12 28 59.8,+12 38 54
NGC4459,6601.564016413906,12 29 00.0,+13 58 43
DDO128,6577.9396787277965,12 29 02.2,+02 43 22
NGC4461,6605.339113775744,12 29 03.0,+13 11 02
PGC083543,6584.610790726525,12 29 03.9,+00 06 13
PGC041120,6591.576724565992,12 29 06.4,+14 00 18
PGC041124,6566.052125144975,12 29 08.2,+09 26 38
PGC041140,6549.913269808415,12 29 14.0,-01 21 22
PGC1120391,6573.029056255798,12 29 14.6,-01 21 55
PGC041130,6593.344621186392,12 29 14.6,+07 52 39
PGC041136,6610.77901721197,12 29 14.9,+12 58 41
PGC041137,6573.736624826006,12 29 15.3,+08 48 52
PGC041144,6588.808994299811,12 29 18.2,+10 08 09
KDG141,6570.622681590104,12 29 21.2,+16 48 23
NGC4464,6582.680006895481,12 29 21.3,+08 09 24
IC3413,6581.196338055228,12 29 22.5,+11 26 02
IC3412,6587.855820641546,12 29 22.6,+09 59 19
PGC041156,6585.553817223637,12 29 23.5,+12 27 03
IC0796,6584.962932221015,12 29 26.3,+16 24 17
SDSSJ122927.63+055825.0,6580.659296634021,12 29 27.6,+05 58 25
NGC4469,6598.475575613822,12 29 28.0,+08 45 00
SDSSJ122928.18+203348.8,6606.973988951208,12 29 28.2,+20 33 49
PGC041167,6578.128762657877,12 29 28.7,+12 29 46
IC3414,6565.244869725384,12 29 28.8,+06 46 17
NGC4467,6606.080009751673,12 29 30.3,+07 59 34
NGC4466,6574.715078415851,12 29 30.6,+07 41 47
NGC4468,6569.554576774914,12 29 30.9,+14 02 57
PGC041174,6591.185944431576,12 29 32.0,+13 30 38
UGC07625,6574.108052715305,12 29 32.7,+00 50 22
SDSSJ122933.64+131145.6,6595.624478725166,12 29 33.6,+13 11 46
SDSSJ122934.46+075851.5,6563.671926295689,12 29 34.5,+07 58 52
PGC041180,6565.619065306605,12 29 35.0,+08 03 29
IC3416,6577.410024535153,12 29 35.1,+10 47 36
PGC041182,6585.928882417398,12 29 35.6,+13 12 40
PGC041185,6565.51394911423,12 29 37.1,+07 55 58
NGC4470,6576.027482680759,12 29 37.8,+07 49 27
PGC041191,6572.133107496409,12 29 37.9,+07 06 24
PGC041192,6576.893192358326,12 29 38.5,+11 17 56
PGC041196,6575.4024476585255,12 29 39.1,+03 36 46
PGC041195,6589.954352517026,12 29 39.2,+12 32 54
PGC041193,6596.872442680098,12 29 40.6,+10 23 06
PGC041206,6598.52064865256,12 29 43.4,+17 30 56
PGC041209,6577.862068094147,12 29 44.1,+12 48 20
PGC041211,6589.061137313286,12 29 44.6,+15 01 29
PGC041214,6589.854941211212,12 29 45.0,+17 17 15
PGC041216,6574.0734518546005,12 29 45.2,+05 55 13
PGC135806,6592.109175685663,12 29 46.2,-01 17 42
NGC4472,6561.080432826843,12 29 46.7,+07 59 59
PGC041223,6564.021241711418,12 29 47.3,+06 57 55
NGC4473,6569.8061872866765,12 29 48.9,+13 25 46
PGC1213772,6569.403450022708,12 29 50.6,+02 01 54
PGC041237,6603.065066509102,12 29 51.2,+13 52 04
NGC4474,6593.854090831462,12 29 53.6,+14 04 07
PGC041240,6577.345703035647,12 29 53.9,+10 20 17
PGC041243,6576.559090673709,12 29 54.7,+07 08 18
PGC041245,6573.8442006069345,12 29 56.3,+13 13 12
PGC083546,6538.075706013308,12 29 58.8,+00 01 38
NGC4476,6577.74429319433,12 29 59.1,+12 20 55
PGC1346685,6582.724861282217,12 29 59.5,+08 25 55
UGC07636,6583.378285823206,12 30 00.6,+07 55 46
PGC041259,6561.537675886017,12 30 02.0,+09 28 26
PGC1143998,6576.400175790341,12 30 02.1,-00 24 38
NGC4477,6583.975455563729,12 30 02.2,+13 38 11
PGC1364593,6569.708850896371,12 30 02.6,+09 24 12
PGC041264,6583.9841863210795,12 30 05.1,+08 04 25
PGC041263,6588.388195844913,12 30 05.1,+17 23 52
NGC4482,6573.769942640673,12 30 10.3,+10 46 46
PGC041273,6597.43834738397,12 30 10.9,+12 11 44
UGC07642,6583.34368461439,12 30 13.8,+02 37 30
PGC041284,6586.725094543227,12 30 16.1,+10 31 59
IC3430,6588.568240121586,12 30 16.8,+09 05 07
NGC4478,6603.649793100857,12 30 17.4,+12 19 43
NGC4479,6597.57351562268,12 30 18.4,+13 34 39
PGC041308,6594.386165031703,12 30 20.4,+14 08 25
PGC3294304,6591.698765011857,12 30 21.5,-01 38 17
VCC1287,6594.221526365196,12 30 24.5,+13 58 49
NGC4480,6574.131988426797,12 30 26.8,+04 14 47
IC3436,6596.68727834631,12 30 29.9,+19 40 23
NGC4486B,6592.944790157901,12 30 32.0,+12 29 25
PGC041325,6573.713169004343,12 30 32.4,+10 15 40
AGC229379,6564.691119027842,12 30 34.0,+23 12 20
PGC041336,6579.118724312246,12 30 38.6,+15 36 29
IC3435,6566.516306088004,12 30 39.9,+15 07 47
NGC4483,6584.57007054018,12 30 40.6,+09 00 56
PGC1290662,6584.409536410184,12 30 42.0,+05 52 44
PGC041345,6591.522015622553,12 30 44.6,+13 47 58
SDSSJ123044.76+054919.5,6572.269682049535,12 30 44.8,+05 49 19
IC3437,6564.324898002964,12 30 45.9,+11 20 36
PGC169451,6572.702191255235,12 30 46.4,+12 05 57
PGC041356,6601.253408633115,12 30 47.3,+07 36 19
PGC1180748,6558.491405669762,12 30 47.8,+00 58 33
PGC041360,6570.076972345732,12 30 48.6,+12 02 43
PGC041358,6576.171367002122,12 30 49.0,+13 13 26
NGC4486,6598.315217944929,12 30 49.5,+12 23 26
NGC4488,6571.619204161404,12 30 51.4,+08 21 36
NGC4489,6589.282821164849,12 30 52.2,+16 45 32
PGC1180413,6576.072889947554,12 30 54.3,+00 57 51
PGC041370,6599.727580088909,12 30 55.7,+14 46 26
AGC724906,6600.571866920763,12 30 56.0,+26 30 40
NGC4491,6580.770555822711,12 30 57.1,+11 29 00
NGC4486A,6564.085256942289,12 30 57.7,+12 16 14
NGC4492,6581.185903758618,12 30 59.7,+08 04 40
PGC041387,6581.358765766922,12 31 00.3,+15 43 51
PGC041391,6571.785531479426,12 31 01.1,+07 43 24
SDSSJ123102.35+180012.4,6588.005480718845,12 31 02.3,+18 00 12
PGC041395,6557.43926254565,12 31 03.7,+01 40 33
SDSSJ123109.18+181311.8,6603.558411693599,12 31 09.2,+18 13 12
PGC041411,6577.8994205826375,12 31 10.4,+13 05 51
IC3443,6566.803846606778,12 31 15.7,+12 19 54
PGC135807,6573.969614317884,12 31 16.7,+00 59 38
PGC041428,6578.560246073934,12 31 17.1,+13 49 41
PGC041432,6596.083703420202,12 31 19.4,+12 44 17
PGC041433,6582.281377079971,12 31 19.6,+12 36 41
IC3442,6582.523638668965,12 31 20.2,+14 06 55
PGC3294282,6589.613492007663,12 31 20.3,-01 41 45
IC3446,6581.910868688708,12 31 23.0,+11 29 33
IC3448,6589.467060024935,12 31 23.1,+17 12 23
NGC4494,6559.841048409813,12 31 24.1,+25 46 29
PGC041442,6582.140381783372,12 31 24.7,+09 28 28
PGC041454,6589.03786117205,12 31 31.7,+11 36 11
NGC4497,6577.60184324442,12 31 32.5,+11 37 29
AGC229380,6599.946825898377,12 31 32.8,+23 29 18
PGC041458,6596.261576345644,12 31 33.4,+12 03 50
IC3453,6605.380704115493,12 31 37.8,+14 51 32
PGC041469,6585.9385434895,12 31 39.0,+10 50 25
NGC4496A,6573.64550560894,12 31 39.3,+03 56 23
NGC4498,6583.847394280308,12 31 39.5,+16 51 10
PGC041463,6592.708908397849,12 31 42.4,+20 28 54
PGC041488,6566.8402284415615,12 31 48.0,-02 58 13
IC3457,6576.684341316916,12 31 51.4,+12 39 25
PGC041495,6578.452536877397,12 31 52.0,+12 28 54
SDSSJ123152.89+121559.0,6577.330063245965,12 31 52.9,+12 15 59
PGC041515,6612.84704040109,12 31 53.9,+14 18 23
PGC041502,6567.78762513383,12 31 53.9,+05 10 23
IC0797,6596.424251351443,12 31 54.8,+15 07 26
PGC041507,6562.359076384177,12 31 55.8,+08 36 08
IC3459,6590.875877195672,12 31 56.0,+12 10 26
PGC041508,6570.922085807543,12 31 56.4,+11 58 21
PGC1207749,6561.994272608134,12 31 59.0,+01 50 37
EVCC0819,6585.586766369707,12 31 59.1,+18 20 52
NGC4501,6605.775865877205,12 31 59.3,+14 25 12
PGC041516,6602.705570138001,12 32 00.8,+12 37 13
IC3461,6580.121580497005,12 32 02.7,+11 53 24
NGC4502,6570.355024138954,12 32 03.3,+16 41 16
IC3466,6574.663245230034,12 32 05.6,+11 49 04
NGC4503,6595.573681486251,12 32 06.2,+11 10 35
PGC041541,6585.100118746132,12 32 09.3,+12 50 20
PGC041544,6589.262011714453,12 32 09.6,+15 18 04
AGC229385 = ComaP,6589.858732588314,12 32 09.6,+20 25 46
PGC1126897,6568.279684756257,12 32 09.7,-01 05 42
NGC4506,6587.47979903924,12 32 10.5,+13 25 11
IC3465,6576.106699131517,12 32 12.2,+12 03 41
IC3468,6566.297994829309,12 32 14.2,+10 15 05
IC3473,6617.105822118468,12 32 19.1,+18 14 41
IC3471,6588.140377191895,12 32 22.8,+16 01 08
IC3470,6588.554021351558,12 32 23.4,+11 15 47
PGC041570,6573.311760038093,12 32 23.5,+11 53 36
PGC041571,6586.790858878044,12 32 23.6,-01 44 25
PGC041574,6584.417169423696,12 32 25.5,+05 39 20
NGC4517A,6581.53083268591,12 32 28.0,+00 23 26
UGC07688,6592.286278750263,12 32 32.4,+08 02 43
IC0798,6604.380775474707,12 32 33.4,+15 24 55
Mrk772,6593.927679956931,12 32 33.5,+09 10 25
PGC041592,6578.903882607037,12 32 35.8,+08 05 33
PGC041593,6579.228215935269,12 32 35.9,+09 53 11
PGC1161319,6554.30337879458,12 32 36.1,+00 15 45
PGC041598,6594.848432628218,12 32 36.2,+18 01 23
PGC041595,6586.4106173100845,12 32 36.2,+05 23 17
IC3474,6563.465943266669,12 32 36.5,+02 39 41
PGC041603,6577.776074384084,12 32 39.0,+10 05 31
IC3475,6607.874143690618,12 32 40.8,+12 46 16
IC3476,6587.455195616544,12 32 41.9,+14 03 02
PGC041607,6602.061464689798,12 32 42.7,+15 54 36
PGC169515,6601.178330521893,12 32 42.8,+15 02 10
IC3478,6599.483367497658,12 32 44.2,+14 11 46
NGC4437 = N4517,6562.918894334508,12 32 45.5,+00 06 52
PGC1198892,6581.899335120435,12 32 46.5,+01 34 09
PGC041619,6577.739350228801,12 32 46.7,+07 47 57
PGC041626,6565.993623920876,12 32 50.6,+02 47 51
PGC041631,6567.962832281901,12 32 51.3,+02 37 43
UGC07697,6595.223131379077,12 32 51.6,+20 11 01
PGC041644,6561.279527804379,12 32 55.6,+03 21 37
PGC041647,6569.046282985563,12 32 58.0,+04 34 42
NGC4515,6582.631408204655,12 33 05.0,+16 15 56
NGC4516,6583.986024283627,12 33 07.5,+14 34 30
KDG155,6578.436479605444,12 33 07.9,-00 31 58
PGC041664,6599.435078605195,12 33 09.0,+10 50 10
IC3483,6586.80904995625,12 33 10.1,+11 20 51
IC3487,6577.796308651157,12 33 13.5,+09 23 50
IC3490,6591.994764871215,12 33 13.9,+10 55 43
IC3486,6584.710973310043,12 33 14.0,+12 51 28
PGC041695,6572.896857838093,12 33 18.2,+02 02 48
UGC07707,6597.72945420842,12 33 18.5,+17 27 34
PGC041697,6569.443066198328,12 33 18.8,+09 07 14
IC3492,6568.971017249941,12 33 19.8,+12 51 13
PGC041700,6548.124227244886,12 33 20.8,+01 31 19
PGC041699,6583.027593171622,12 33 20.9,+07 51 16
NGC4519A,6566.515102629484,12 33 24.7,+08 41 27
PGC041712,6592.173645081541,12 33 26.5,+06 37 00
PGC041716,6543.080146551539,12 33 29.5,+03 47 38
NGC4519,6583.9908426432585,12 33 30.3,+08 39 17
PGC041720,6566.77231789556,12 33 31.6,+09 27 33
PGC041723,6574.3565590249855,12 33 34.7,+11 15 43
PGC041726,6565.81365287063,12 33 37.7,+07 52 17
NGC4522,6589.794562097694,12 33 39.7,+09 10 30
SDSSJ123340.31+124413.5,6587.4843193240295,12 33 40.3,+12 44 14
AGC742455,6591.045417199608,12 33 41.6,+23 59 14
PGC041734,6581.764624376353,12 33 42.2,+07 47 00
IC3499,6584.35952137708,12 33 44.9,+10 59 43
UGC07710,6589.931241932884,12 33 45.4,-02 38 58
NGC4523,6600.267828094837,12 33 48.1,+15 10 06
PGC041744,6579.532990867682,12 33 48.7,+12 46 48
IC3501,6597.684853774615,12 33 51.6,+13 19 21
UGC07715,6569.619773497249,12 33 55.7,+03 32 45
PGC041761,6572.348488967521,12 33 55.7,+05 43 08
PGC041762,6566.92452671071,12 33 56.1,+10 34 41
IC0800,6604.651236268202,12 33 56.7,+15 21 17
PGC1164663,6570.988501659675,12 33 58.6,+00 23 12
PGC041770,6553.745312041664,12 34 01.5,+05 57 10
PGC1205134,6591.352129035798,12 34 02.1,+01 45 56
NGC4526,6570.621849464943,12 34 03.0,+07 41 57
NGC4528,6589.466017858819,12 34 06.1,+11 19 16
PGC041782,6585.492836621486,12 34 06.7,+12 44 30
NGC4527,6578.2351458661315,12 34 08.5,+02 39 14
IC3509,6576.819801461731,12 34 11.5,+12 02 56
IC3510,6605.611334756267,12 34 14.8,+11 04 17
PGC041802,6564.460272984843,12 34 14.9,+02 17 47
NGC4531,6600.505759067009,12 34 15.9,+13 04 31
PGC041805,6595.599191543126,12 34 16.2,+16 03 30
PGC041807,6584.684992779315,12 34 16.9,+03 44 02
NGC4532,6559.575190764059,12 34 19.3,+06 28 05
NGC4535,6578.2876276183515,12 34 20.3,+08 11 53
NGC4533,6568.018577071511,12 34 22.0,+02 19 32
NGC4536,6563.271046520037,12 34 27.1,+02 11 17
PGC041826,6577.8906915939915,12 34 30.4,+11 44 04
PGC1181814,6561.679485096246,12 34 30.6,+01 00 41
IC3517,6569.527547210361,12 34 30.9,+09 09 16
IC3518,6602.767462089857,12 34 31.3,+09 37 24
IC3520,6562.061972146926,12 34 31.8,+13 30 13
PGC041831,6581.997287327886,12 34 32.2,+16 01 58
PGC041835,6584.1570189816875,12 34 32.6,+10 32 53
NGC4539,6605.886848235719,12 34 34.7,+18 12 10
PGC041840,6586.2276075985055,12 34 35.0,+02 34 07
PGC041845,6607.247599377811,12 34 38.4,+15 36 10
IC3521,6565.5693087840245,12 34 39.5,+07 09 37
DDO137,6562.06518309686,12 34 45.0,+06 18 03
PGC041863,6580.297634251136,12 34 45.2,+16 01 27
IC3522,6583.577268246064,12 34 45.7,+15 13 14
IC3530,6578.467070717479,12 34 49.3,+17 48 51
PGC041874,6588.662829072064,12 34 49.5,+06 50 11
NGC4540,6581.977743122661,12 34 50.8,+15 33 05
SDSSJ123453.22+241946.7,6582.905869619896,12 34 53.2,+24 19 46
PGC041890,6576.674353352904,12 35 01.0,+09 11 10
PGC041893,6574.908108498078,12 35 02.5,+05 25 31
PGC041907,6581.532625746307,12 35 07.8,+13 33 52
AGC225874,6583.381887903652,12 35 08.0,+12 30 20
PGC041906,6567.3681575264,12 35 08.2,+13 29 07
PGC041918,6573.933330862261,12 35 13.9,+10 25 53
PGC041917,6593.070764775665,12 35 14.7,+12 14 15
PGC3296254,6573.526521367822,12 35 18.2,-01 22 49
NGC4543,6576.658877176462,12 35 20.2,+06 06 54
PGC1811760,6598.85901778899,12 35 21.3,+27 33 49
SDSSJ123524.43+050253.8,6580.01364756937,12 35 24.4,+05 02 54
NGC4548,6588.019864149892,12 35 26.5,+14 29 46
IC3540,6577.109956589204,12 35 27.2,+12 45 01
PGC041937,6597.208605667577,12 35 28.0,+14 15 41
NGC4550,6587.418087106724,12 35 30.6,+12 13 15
PGC041942,6589.310532504849,12 35 30.9,+06 20 02
PGC041945,6602.407322662085,12 35 32.0,+16 36 44
NGC4562,6623.286430329904,12 35 34.6,+25 50 59
NGC4544,6567.087078080753,12 35 36.6,+03 02 04
PGC041959,6593.2533852883835,12 35 37.2,+12 22 55
NGC4551,6593.09214279389,12 35 38.0,+12 15 50
PGC041962,6584.759553728642,12 35 38.5,+09 35 22
NGC4552,6596.6228569244595,12 35 39.8,+12 33 22
PGC041979,6589.611296694553,12 35 45.5,+12 10 53
SDSSJ123549.46+201755.0,6574.364658006512,12 35 49.5,+20 17 55
PGC041994,6612.960714736616,12 35 51.9,+13 51 31
PGC041993,6578.802528233067,12 35 53.1,+11 40 55
PGC042001,6588.781178383552,12 35 56.6,+10 56 11
NGC4559,6584.960362747999,12 35 57.7,+27 57 35
AGC229321,6558.029522141356,12 35 59.1,+17 45 38
PGC042008,6567.847396430327,12 36 02.8,+07 12 01
PGC1129667,6573.239680333524,12 36 07.7,-00 59 18
NGC4561,6586.8748513103055,12 36 08.1,+19 19 22
IC3562,6570.2388133392815,12 36 10.6,+09 55 21
IC3571,6568.996481991049,12 36 20.0,+26 05 02
NGC4565,6588.494997200648,12 36 20.8,+25 59 15
PGC042046,6586.965186012125,12 36 24.8,+10 23 05
NGC4564,6588.662109592376,12 36 27.0,+11 26 21
2MASXJ12362919+1818022,6597.5862542174,12 36 29.2,+18 18 01
PGC042057,6613.456346881876,12 36 30.1,+13 32 33
PGC042059,6613.85454462933,12 36 30.6,+13 38 18
PGC042062,6591.120403806781,12 36 32.4,+13 44 54
NGC4567,6578.579556915074,12 36 32.7,+11 15 29
NGC4568,6585.690141516467,12 36 34.3,+11 14 20
SDSSJ123634.93+033831.3,6579.513665979166,12 36 34.9,+03 38 32
PGC042068,6574.78234398203,12 36 34.9,+08 03 17
PGC042072,6601.734537400748,12 36 36.7,+14 13 33
IC3576,6594.204330494688,12 36 37.8,+06 37 18
PGC042077,6589.143706874048,12 36 37.8,+10 56 18
IC3578,6594.1654398848505,12 36 39.4,+11 06 07
UGC07780,6589.163314103142,12 36 42.1,+03 06 31
IC3583,6563.230137477096,12 36 43.6,+13 15 32
PGC042084,6593.49607120505,12 36 47.1,+14 44 23
PGC042087,6578.836462866889,12 36 49.0,+04 06 16
NGC4569,6572.698989208545,12 36 49.9,+13 09 48
PGC042091,6601.6665152402975,12 36 51.1,+12 57 32
PGC1139671,6593.586147358845,12 36 51.9,-00 35 16
NGC4570,6584.582303485989,12 36 53.4,+07 14 48
IC3586,6601.166389136448,12 36 54.8,+12 31 12
PGC091215,6539.616109382455,12 36 55.0,+01 36 54
PGC1172855,6562.556222343427,12 36 56.1,+00 41 26
NGC4571,6583.248451635961,12 36 56.4,+14 13 02
AGC742507,6587.118565733977,12 37 01.4,+22 00 31
IC3591,6564.351798682656,12 37 02.8,+06 55 34
PGC042110,6578.707117219727,12 37 07.0,+05 25 18
PGC042114,6584.500793252994,12 37 09.7,+10 16 20
PGC042132,6598.652004244519,12 37 17.2,+10 53 17
PGC1159978,6552.244610196024,12 37 18.8,+00 12 48
PGC042136,6576.852204198088,12 37 22.2,+12 17 13
AGC229180,6561.471941201545,12 37 26.5,+01 39 42
PGC042144,6567.524996650449,12 37 28.5,+08 47 40
PGC042147,6611.111377350125,12 37 28.9,+12 21 11
PGC042143,6575.99968679271,12 37 29.1,+04 45 04
NGC4578,6587.315177059819,12 37 30.6,+09 33 18
PGC042155,6564.479615120778,12 37 34.3,+08 28 55
PGC042160,6571.295705104146,12 37 41.3,+08 33 32
NGC4579,6584.010725699458,12 37 43.5,+11 49 05
SDSSJ123743.70+181556.0,6593.586897304274,12 37 43.7,+18 15 56
DDO139,6583.126286794842,12 37 45.3,+07 06 17
PGC042171,6580.383807743949,12 37 45.5,+09 59 04
SDSSJ123745.89+181750.2,6572.218237491718,12 37 45.9,+18 17 50
PGC1089367,6566.796282723123,12 37 47.0,-02 31 59
PGC042173,6548.657653165105,12 37 48.3,-01 20 41
NGC4580,6583.413644993242,12 37 48.4,+05 22 07
AGC732194,6598.307193116169,12 37 58.2,+24 02 39
PGC042193,6605.27915730625,12 38 00.4,+14 10 42
UGC07798,6583.772519313268,12 38 03.3,-02 15 50
NGC4581,6567.4676890009205,12 38 05.2,+01 28 40
IC3602,6596.002507197776,12 38 06.8,+10 04 57
PGC042204,6587.179897316155,12 38 06.9,+10 09 55
PGC042211,6599.782362018334,12 38 09.7,+13 34 51
PGC042218,6572.797413205848,12 38 15.5,+06 59 39
PGC042219,6597.421477236574,12 38 15.9,+14 52 12
NGC4584,6586.283497805195,12 38 17.9,+13 06 36
PGC042225,6593.369975754638,12 38 18.5,+07 13 02
PGC2832117,6589.469693424695,12 38 20.0,+27 39 36
UGC07802,6585.302760699826,12 38 20.9,+07 53 29
IC3605,6595.560233751526,12 38 21.0,+19 32 29
PGC1187621,6554.316053593566,12 38 21.7,+01 12 08
PGC042242,6588.284298211863,12 38 27.7,+14 04 38
NGC4586,6567.7444601797415,12 38 28.4,+04 19 09
PGC042248,6568.1827903471085,12 38 32.2,+10 22 36
NGC4587,6563.931793504308,12 38 35.4,+02 39 26
PGC042257,6585.986957057201,12 38 36.6,+06 30 12
PGC042265,6596.676630148277,12 38 37.6,+09 40 30
AGC225847,6593.3263171973385,12 38 56.9,+13 33 07
PGC1177211,6583.636290849407,12 39 02.5,+00 50 59
IC3612,6598.012023691554,12 39 04.7,+14 43 51
PGC1103962,6549.705081708543,12 39 05.8,-02 00 44
PGC042318,6586.376800982871,12 39 11.7,+08 04 21
NGC4591,6570.544025478394,12 39 12.4,+06 00 44
PGC042325,6566.352401799113,12 39 14.2,+15 37 36
PGC042332,6593.851367428677,12 39 15.7,+11 16 11
NGC4592,6585.819424701815,12 39 18.7,-00 31 55
PGC1275680,6588.290391914688,12 39 19.3,+04 56 38
PGC042340,6572.4209248141315,12 39 21.9,+04 56 12
IC3617,6579.996580238458,12 39 24.8,+07 57 56
PGC042350,6594.197970261938,12 39 27.1,+11 46 35
PGC042357,6575.608070694723,12 39 30.1,+12 40 51
EVCC1002,6612.398259853536,12 39 30.2,+18 22 06
IC3625B,6577.826834018745,12 39 37.7,+10 58 33
PGC042378,6588.022404098189,12 39 40.1,+09 23 56
PGC042381,6595.690446763763,12 39 42.8,+13 36 27
PGC1260930,6570.654650980528,12 39 49.8,+03 56 08
UGC07824,6574.8397192086395,12 39 50.4,+01 40 20
NGC4595,6580.795144121857,12 39 51.9,+15 17 52
PGC042710,6588.6592821143695,12 42 40.8,+13 16 00
SDSSJ123955.45+095520.7,6577.482182931825,12 39 55.5,+09 55 21
PGC042400,6598.835889233746,12 39 55.6,+11 51 28
NGC4596,6576.9002213830045,12 39 55.9,+10 10 34
KDG177,6578.44848371402,12 39 58.5,+13 46 54
AGC749241,6600.7990797189605,12 40 01.7,+26 19 19
PGC1128047,6561.156840283442,12 40 02.8,-01 03 00
PGC042417,6583.632647084472,12 40 05.2,+05 45 32
PGC1145528,6542.65313007823,12 40 08.8,-00 21 05
UGCA379,6559.599960705572,12 40 10.4,+06 50 48
IC3633,6598.478504781684,12 40 11.3,+09 53 46
NGC4598,6574.429305350635,12 40 11.9,+08 23 01
IC3635,6589.322799944729,12 40 13.4,+12 52 29
PGC042436,6566.518619810691,12 40 17.7,+06 43 55
IC3637,6579.595810772605,12 40 19.6,+14 42 54
PGC042442,6570.149948114606,12 40 19.7,+15 56 07
NGC4600,6578.254657865374,12 40 23.0,+03 07 04
PGC042449,6551.899687793505,12 40 23.9,+02 36 31
PGC042454,6557.902783052807,12 40 25.9,+04 03 01
NGC4599,6591.356535850849,12 40 27.1,+01 11 49
PGC1174996,6586.954035740551,12 40 35.2,+00 46 13
SDSSJ124042.09+054856.1,6567.507045525247,12 40 42.1,+05 48 55
PGC1166209,6563.112340293768,12 40 48.5,+00 26 57
AGC732226,6599.886758444686,12 40 48.8,+25 56 38
AGC229001,6577.03168901369,12 40 49.7,+27 33 50
PGC042497,6585.631140975291,12 40 50.3,+04 31 33
IC3647,6575.309463511171,12 40 53.0,+10 28 34
PGC042513,6586.49856334809,12 40 57.3,+15 16 31
NGC4606,6590.0199893868585,12 40 57.5,+11 54 42
IC3652,6589.790131801258,12 40 58.6,+11 11 04
SDSSJ124101.06+094306.4,6576.325884797582,12 41 01.1,+09 43 06
PGC042537,6598.068081987439,12 41 10.2,+08 00 14
UGC07841,6557.816344666238,12 41 11.6,+01 24 37
PGC1097431,6529.179297212121,12 41 12.3,-02 15 04
NGC4607,6599.014275895517,12 41 12.3,+11 53 11
NGC4608,6579.330960046836,12 41 13.3,+10 09 21
PGC042547,6579.694667368315,12 41 15.4,+11 17 55
IC3653,6586.559524668725,12 41 15.7,+11 23 14
PGC2832063,6561.9920877404975,12 41 19.2,+01 32 53
PGC042553,6577.628396424049,12 41 19.4,+06 31 24
IC3658,6617.187418260876,12 41 20.6,+14 42 02
SDSSJ124125.41+191317.5,6582.884827741746,12 41 25.4,+19 13 17
PGC042566,6588.627251445199,12 41 27.4,+11 08 45
PGC1136400,6562.129635745069,12 41 29.2,-00 43 12
PGC042571,6595.870056061864,12 41 29.4,+10 45 47
NGC4612,6589.619805519328,12 41 32.8,+07 18 54
PGC1207559,6563.90937061283,12 41 39.2,+01 50 17
PGC042586,6606.554233059432,12 41 39.4,+12 14 51
SDSSJ124142.58+243105.0,6599.777747585716,12 41 42.6,+24 31 05
PGC042596,6564.850124044069,12 41 45.2,+04 00 24
IC3665,6574.23342926967,12 41 46.7,+11 29 18
PGC042602,6578.256288753789,12 41 48.9,+11 11 29
UGC07854,6577.140657854367,12 41 52.0,+09 24 11
UGC07857,6581.266120674385,12 41 54.3,+13 46 23
PGC042609,6576.1224874297795,12 41 54.6,+09 35 05
SDSSJ124155.33+114003.7,6590.6670123434305,12 41 55.3,+11 40 04
PGC042613,6558.538778376733,12 41 57.1,+03 49 09
PGC042615,6566.55957064565,12 41 57.3,+13 04 05
AGC229381,6565.91262755869,12 41 58.3,+23 01 31
NGC4620,6587.907021489608,12 41 59.3,+12 56 34
NGC4621,6585.684873032081,12 42 02.2,+11 38 50
PGC042626,6607.297944219208,12 42 02.7,+15 38 11
PGC042634,6582.228104581912,12 42 07.4,+11 49 41
IC0809,6565.102750868188,12 42 08.7,+11 45 15
IC0810,6583.131221003578,12 42 09.1,+12 35 49
NGC4623,6587.140382158954,12 42 10.7,+07 40 37
PGC042668,6542.81183747998,12 42 17.8,+03 28 07
PGC042669,6597.4899457458605,12 42 18.2,+10 34 03
PGC042666,6588.419175534025,12 42 18.6,+05 44 22
PGC086641,6586.107301932757,12 42 20.6,+17 30 35
PGC042673,6557.465063804958,12 42 21.3,+02 04 00
PGC042679,6568.356066659507,12 42 26.5,+11 44 25
PGC1155762,6585.901453070236,12 42 27.8,+00 02 53
PGC1184482,6570.363140460739,12 42 28.6,+01 05 51
SDSSJ124230.91+054354.1,6565.50210816288,12 42 30.9,+05 43 54
NGC4630,6595.351043457508,12 42 31.1,+03 57 35
NGC4632,6574.239108913903,12 42 32.3,-00 04 54
NGC4629,6574.64001835733,12 42 32.7,-01 21 02
NGC4633,6594.988141577929,12 42 37.3,+14 21 26
NGC4635,6602.619209601434,12 42 39.2,+19 56 43
NGC4634,6577.920657363034,12 42 40.9,+14 17 46
PGC1170050,6562.815487285489,12 42 42.9,+00 35 32
PGC042717,6575.3104710726475,12 42 44.9,+07 20 20
PGC042724,6546.590724984703,12 42 45.3,+03 25 50
PGC042723,6606.789883746165,12 42 46.0,+09 30 39
NGC4638,6594.126422680862,12 42 47.4,+11 26 33
NGC4636,6593.13502748435,12 42 49.7,+02 41 19
PGC042737,6570.5572808155675,12 42 50.8,+12 18 31
NGC4639,6601.002917285928,12 42 52.4,+13 15 26
PGC042748,6562.964468579765,12 42 56.3,+03 40 36
NGC4640,6598.193331326146,12 42 57.8,+12 17 13
PGC042754,6578.6042569008605,12 42 58.0,+10 40 55
PGC1215961,6543.46013167539,12 42 59.8,+02 06 04
PGC042757,6604.760671882416,12 43 00.3,+16 05 14
PGC042758,6588.461631913954,12 43 02.2,+11 41 53
PGC1143249,6539.639043381753,12 43 03.3,-00 26 26
AGC732245,6591.839139179168,12 43 05.9,+24 27 04
PGC042768,6591.156084129113,12 43 07.5,+07 39 17
NGC4641,6590.091416794549,12 43 07.7,+12 03 04
PGC042771,6605.667226219073,12 43 08.2,+14 31 12
PGC042779,6577.094279067216,12 43 10.4,+11 02 13
NGC4642,6559.209223465082,12 43 17.8,-00 38 40
PGC1117977,6562.395136343705,12 43 18.4,-01 28 02
NGC4643,6566.550028931947,12 43 20.1,+01 58 43
PGC042796,6586.717914270141,12 43 20.8,+08 57 03
PGC042799,6567.528421307207,12 43 21.0,+03 25 13
SDSSJ124322.80+054555.2,6579.33169183862,12 43 22.8,+05 45 55
PGC042801,6573.788479206337,12 43 23.2,+14 10 21
AGC732250,6596.496373884259,12 43 24.2,+24 31 30
PGC042811,6587.963895832675,12 43 29.0,+10 05 35
PGC042812,6596.170663158003,12 43 30.9,+11 02 50
PGC3295391,6558.258103769646,12 43 31.5,-00 28 43
NGC4647,6577.006901438655,12 43 32.6,+11 34 56
PGC1186061,6564.594801869577,12 43 36.9,+01 09 01
NGC4649,6601.062140590591,12 43 40.0,+11 33 10
NGC4651,6576.868834494402,12 43 42.7,+16 23 37
PGC042842,6580.803958975448,12 43 48.0,+08 45 38
NGC4653,6564.059184066843,12 43 50.9,-00 33 40
PGC042846,6571.388070170807,12 43 51.0,+11 28 01
PGC042853,6590.377496380496,12 43 53.3,+10 44 44
PGC1233057,6554.7461913931365,12 43 53.5,+02 38 00
SDSSJ124354.11+163250.5,6582.449482493182,12 43 54.1,+16 32 51
NGC4654,6579.336363531737,12 43 56.6,+13 07 35
PGC1279854,6588.497279818772,12 43 57.7,+05 12 48
EVCC1111,6540.260142517617,12 44 01.4,+04 01 12
PGC042870,6611.4714835409495,12 44 04.4,+13 15 03
PGC1242969,6567.849691113571,12 44 08.0,+03 00 22
PGC042878,6584.010572497552,12 44 09.4,+11 10 36
UGC07906,6577.673124966203,12 44 09.6,+12 06 52
PGC1255427,6583.118638605183,12 44 11.7,+03 36 24
PGC042884,6581.469399203166,12 44 12.0,+12 56 31
PGC1227738,6570.326266916377,12 44 14.9,+02 27 43
PGC1234100,6575.177375004797,12 44 17.4,+02 40 02
SDSSJ124420.88+060522.5,6577.680699086751,12 44 20.9,+06 05 23
AGC732257,6570.742866089269,12 44 24.9,+24 54 14
PGC042902,6582.89133441341,12 44 25.6,+03 31 31
UGC07911,6541.766658539495,12 44 28.8,+00 28 05
NGC4659,6604.673197187658,12 44 29.4,+13 29 55
NGC4660,6574.703896184679,12 44 32.0,+11 11 26
PGC042920,6553.736764099163,12 44 33.4,+01 44 13
PGC1189866,6557.707543223728,12 44 34.4,+01 16 31
UGCA294,6616.2120569420795,12 44 38.2,+28 28 21
PGC1283313,6569.954596195921,12 44 42.0,+05 25 49
IC3718,6596.899680570391,12 44 45.4,+12 21 06
PGC042945,6572.178327747908,12 44 46.0,+08 58 49
PGC3295333,6555.023197848501,12 44 46.1,-00 25 43
IC3720,6568.352044050336,12 44 47.4,+12 03 53
IC3716,6582.025531069685,12 44 47.5,+08 06 25
SDSSJ124451.77+162505.5,6595.024042148543,12 44 51.8,+16 25 06
AGC225876,6591.847715812229,12 44 57.9,+12 01 47
IC3727,6575.033231799003,12 45 05.6,+10 54 03
NGC4624,6564.565106285027,12 45 05.9,+03 03 20
NGC4666,6545.305175705952,12 45 08.6,-00 27 43
PGC042978,6567.297917324688,12 45 09.7,+10 37 47
PGC042980,6593.317648958311,12 45 11.8,+10 19 28
PGC042982,6571.465745790382,12 45 15.4,+07 36 56
NGC4670,6617.077379006165,12 45 17.2,+27 07 32
IC3735,6582.639067291418,12 45 20.4,+13 41 34
UGC07929,6582.963753383248,12 45 20.7,+21 25 38
IC3740,6574.27468089672,12 45 30.6,+20 48 58
IC3742,6583.615779033933,12 45 31.9,+13 19 56
NGC4668,6589.09620085317,12 45 32.0,-00 32 08
EVCC1141,6592.951803722035,12 45 33.3,+10 29 26
PGC1212399,6566.286650242275,12 45 35.3,+01 59 19
PGC043013,6593.600907395341,12 45 37.5,+13 19 43
PGC043019,6579.383025456174,12 45 40.2,+09 24 22
PGC1103489,6554.772746920116,12 45 41.6,-02 01 51
SDSSJ124545.05+121408.5,6587.79106486972,12 45 45.1,+12 14 09
PGC1143451,6542.493018371095,12 45 47.9,-00 25 56
AGC227970,6589.869320333964,12 46 01.4,+04 22 52
PGC043051,6594.958723494595,12 46 04.4,+08 28 35
PGC043056,6585.710755625968,12 46 07.9,+10 09 44
AGC732281,6591.145745945559,12 46 10.7,+26 15 01
PGC1124896,6569.25889529094,12 46 13.9,-01 10 42
PGC043072,6591.6028615910745,12 46 15.3,+10 12 20
PGC1214263,6595.7056637869055,12 46 16.4,+02 02 46
PGC1249354,6563.533832355514,12 46 33.2,+03 17 56
SDSSJ124637.60+221446.8,6588.6961985621765,12 46 37.6,+22 14 47
UGC07942,6568.981594241398,12 46 38.2,+09 18 26
AGC226178,6599.253222230472,12 46 42.8,+10 22 09
UGC07943,6583.987447147872,12 46 45.8,+05 57 19
PGC043108,6547.448617561606,12 46 49.4,+03 00 23
SDSSJ124649.44+024248.3,6536.426731229128,12 46 49.4,+02 42 49
SDSSJ124654.54+022135.3,6561.058770586966,12 46 54.5,+02 21 36
UGCA298,6580.10248134356,12 46 55.4,+26 33 51
PGC043119,6573.053336961288,12 46 55.5,+10 10 57
UGC07945,6593.024455669901,12 47 01.0,-01 34 41
IC3773,6607.326596473861,12 47 15.3,+10 12 13
UGC07953,6590.105429484635,12 47 16.1,+11 45 37
IC3779,6592.519873330319,12 47 20.6,+12 09 59
PGC3295235,6541.476606025068,12 47 28.3,-00 08 17
PGC043180,6559.3393355717335,12 47 39.3,+09 09 27
PGC043183,6593.886203432182,12 47 44.3,+12 08 00
NGC4689,6593.516774441893,12 47 45.6,+13 45 45
NGC4688,6584.522688090098,12 47 46.6,+04 20 13
KK164,6585.7534547283785,12 47 59.6,+04 26 00
PGC043215,6595.749163686616,12 47 59.8,+04 41 42
PGC043211,6592.885609191068,12 48 00.1,+10 58 13
AGC228094,6601.467548490384,12 48 07.4,+27 11 33
NGC4694,6620.523263705478,12 48 15.1,+10 59 01
NGC4698,6570.590767651379,12 48 22.9,+08 29 15
SDSSJ124823.09+050816.3,6594.04665265024,12 48 23.1,+05 08 16
PGC043261,6575.714013893402,12 48 27.1,+10 33 29
PGC043285,6585.763849712701,12 48 43.7,+11 58 09
IC3806,6591.751378619817,12 48 55.4,+14 54 28
PGC043309,6566.352564611212,12 48 58.4,+10 35 12
NGC4701,6584.5128046246555,12 49 11.6,+03 23 19
UGC07976,6576.7614977490275,12 49 15.7,+04 39 22
PGC1267592,6581.825711772575,12 49 25.7,+04 23 33
SDSSJ124936.90+215505.7,6595.855837839217,12 49 36.9,+21 55 05
NGC4710,6579.611708503967,12 49 38.8,+15 09 54
UGC07979,6572.7812349565675,12 49 39.5,+12 37 31
PGC086434,6596.462999560552,12 49 40.6,+25 46 21
SDSSJ124942.06+052922.2,6569.04399804278,12 49 42.1,+05 29 22
PGC043392,6584.703499385142,12 49 46.2,+11 13 32
UGC07983,6568.363699183451,12 49 47.0,+03 50 33
UGC07982,6569.111341441682,12 49 50.2,+02 51 07
PGC1229213,6535.272377026679,12 49 56.4,+02 30 36
NGC4713,6574.462958987787,12 49 57.8,+05 18 41
PGC1289726,6580.067669300699,12 49 59.2,+05 49 16
AGC227897,6576.478497194628,12 50 04.2,+06 50 51
PGC135809,6556.671851800311,12 50 04.8,-00 13 57
PGC043421,6547.252027652828,12 50 07.3,+02 14 52
PGC043436,6560.176396620713,12 50 14.5,+10 32 24
AGC227972,6562.777544998965,12 50 24.0,+04 54 22
NGC4725,6584.5978055643955,12 50 26.6,+25 30 04
UGC07990,6589.606109851053,12 50 27.2,+28 21 10
PGC043457,6588.946404306668,12 50 31.3,+17 28 17
PGC3295140,6570.076297649234,12 50 34.7,+00 26 02
EVCC1194,6579.428006179372,12 50 37.8,+09 52 44
UGC07991,6574.26914280149,12 50 39.0,+01 27 52
AGC227973,6562.227825323023,12 50 39.9,+05 20 52
SDSSJ125046.77+045323.7,6586.376787271537,12 50 46.8,+04 53 24
PGC1359187,6586.894214705605,12 50 59.5,+09 04 38
PGC1207820,6569.158913552796,12 51 00.2,+01 50 45
NGC4733,6591.529443052106,12 51 06.8,+10 54 44
SDSSJ125106.78+120335.4,6587.9796497069165,12 51 06.8,+12 03 36
UGC08001,6581.320907542964,12 51 24.3,+10 34 47
SDSSJ125133.00+194322.9,6608.613404700107,12 51 33.0,+19 43 23
PGC043580,6570.434688607396,12 51 41.5,+13 05 42
KK167,6596.48986842611,12 51 44.4,+26 06 43
NGC4747,6570.80792882512,12 51 45.7,+25 46 33
IC3840,6591.51947378206,12 51 46.0,+21 44 03
NGC4746,6580.2761649847625,12 51 55.2,+12 04 59
PGC1355373,6579.924552843641,12 51 55.7,+08 52 42
PGC2806992,6596.189472173003,12 52 04.0,+12 54 26
SDSSJ125208.90+030714.6,6557.6282298862625,12 52 08.9,+03 07 15
AGC226122,6558.5749116098705,12 52 15.4,+04 27 27
NGC4754,6573.876247903292,12 52 17.5,+11 18 50
UGC08011,6582.850211881603,12 52 21.1,+21 37 47
NGC4753,6584.011210921126,12 52 22.0,-01 11 58
PGC1150193,6577.130107274316,12 52 34.1,-00 10 04
PGC043698,6579.083277895432,12 52 34.2,+12 15 27
NGC4758,6599.220497633774,12 52 44.2,+15 50 52
PGC135811,6558.476774735623,12 52 49.4,+01 44 04
PGC1133831,6577.070262477859,12 52 53.2,-00 49 22
NGC4762,6580.053815803077,12 52 56.0,+11 13 51
PGC043739,6585.083286850236,12 52 59.0,+14 24 01
AGC229124,6600.983763720973,12 52 59.1,+22 24 56
PGC043746,6560.2678589854,12 53 03.7,+07 41 00
AGC221089,6581.650120415471,12 53 10.1,+25 16 42
KK169,6595.267004186724,12 53 11.6,+12 38 05
NGC4765,6576.640693654707,12 53 14.5,+04 27 48
NGC4771,6566.530729263399,12 53 21.2,+01 16 09
PGC135812,6567.408084782059,12 53 24.2,+01 55 53
NGC4772,6588.344479678491,12 53 29.2,+02 10 06
PGC1199069,6563.924260641165,12 53 39.8,+01 34 29
PGC1263098,6593.721417428203,12 53 40.2,+04 04 32
PGC1264260,6575.576889130938,12 53 43.3,+04 09 14
SDSSJ125355.24+191533.5,6581.320477025758,12 53 55.2,+19 15 34
PGC043864,6575.512186055616,12 54 01.9,-01 30 30
PGC1365234,6592.297257705643,12 54 02.2,+09 26 50
PGC135814,6565.20211348955,12 54 05.1,-00 06 04
DDO154,6603.696078518071,12 54 05.4,+27 09 00
PGC043888,6542.614331142322,12 54 12.6,+00 48 09
PGC1236745,6580.557906372003,12 54 15.9,+02 45 45
UGC08030,6589.491094272989,12 54 29.3,+26 18 16
PGC1191416,6539.968864168661,12 54 37.8,+01 19 33
NGC4793,6578.554910077381,12 54 40.6,+28 56 19
PGC043940,6584.9991241169155,12 54 41.6,+02 06 15
NGC4791,6577.770004782171,12 54 43.9,+08 03 11
UGC08032,6568.298700941036,12 54 44.2,+13 14 14
PGC214037,6608.857830343665,12 54 45.3,+28 55 30
EVCC1234,6601.646462669022,12 54 45.4,+18 08 05
PGC3090638,6613.586347203419,12 54 46.3,+15 35 30
IC3881,6586.406031332088,12 54 48.6,+19 10 38
NGC4809,6583.892882747543,12 54 51.1,+02 39 14
PGC1120414,6573.99437958753,12 54 51.1,-01 21 51
NGC4810,6562.434998380451,12 54 51.2,+02 38 26
[SDV2005]230,6569.652671989055,12 54 52.4,+10 57 43
PGC043987,6568.004351923433,12 54 57.6,+01 58 42
SDSSJ125504.03+074316.9,6598.949517874989,12 55 04.0,+07 43 17
AGC227927,6567.464993304059,12 55 04.3,+08 06 13
PGC093119,6583.076670452946,12 55 04.7,+08 03 59
UGC08042,6589.7829552473195,12 55 10.3,+07 55 05
UGC08041,6558.803777345567,12 55 12.6,+00 07 00
AGC225849,6584.05881201593,12 55 35.1,+10 44 18
PGC158230,6555.138780602492,12 55 37.3,-01 19 48
UGC08048,6557.482941969897,12 55 39.1,-00 15 52
KDG215,6585.214113422591,12 55 40.5,+19 12 33
NGC4808,6565.36043854215,12 55 49.0,+04 18 15
UGC08053,6571.322916103863,12 55 49.2,+04 00 48
AGC227974,6560.203373449313,12 56 03.5,+04 52 01
UGC08055,6547.914687361632,12 56 04.5,+03 48 46
UGC08056,6578.8781320886455,12 56 19.8,+10 11 20
NGC4826,6588.973414190354,12 56 43.7,+21 40 55
UGC08061,6580.938350843981,12 56 43.8,+11 55 54
SDSSJ125651.47+163024.2,6586.160740539115,12 56 51.5,+16 30 24
PGC044211,6589.863052013653,12 56 53.4,+08 09 41
PGC044215,6560.672474249786,12 56 57.1,+04 03 53
SDSSJ125703.47+092258.9,6576.979223202533,12 57 03.5,+09 22 59
AGC227975,6560.416909638134,12 57 18.1,+04 59 29
SDSSJ125736.51+091846.1,6580.463154785203,12 57 36.5,+09 18 46
DDO156,6589.619770163409,12 57 44.6,+02 41 31
NGC4845,6583.530849570856,12 58 01.2,+01 34 33
DDO157,6595.191400270076,12 58 09.0,+14 51 32
UGC08085,6609.844499474083,12 58 17.3,+14 33 25
PGC1427916,6566.84177187026,12 58 20.2,+13 18 48
KK173,6579.005395614978,12 58 36.0,+17 48 47
GR8,6602.616850264889,12 58 40.2,+14 13 03
PGC044517,6620.255136171285,12 58 52.8,+13 09 09
PGC1423207,6597.271336629648,12 58 53.4,+13 06 47
NGC4866,6599.92389716402,12 59 27.1,+14 10 16
PGC1383640,6604.532267724987,12 59 42.0,+10 43 38
PGC1132599,6570.619266616642,12 59 45.1,-00 52 16
SDSSJ125952.41+033758.5,6585.737070721136,12 59 52.4,+03 37 59
PGC044685,6591.130164088229,12 59 58.1,+02 02 58
NGC4880,6580.150376044944,13 00 10.5,+12 29 01
AGC233574,6582.603431921796,13 00 22.1,+12 55 25
UGC08114,6589.120667093648,13 00 25.0,+13 40 13
NGC4900,6582.221920319052,13 00 39.2,+02 30 04
NGC4904,6577.606401365128,13 00 58.6,-00 01 39
AGC232135,6599.426556718305,13 01 53.3,+02 27 38
PGC045019,6576.280600050895,13 02 40.8,+01 04 27
KK177,6598.864968821933,13 02 41.8,+21 59 52
SDSSJ130320.36+175909.7,6627.845860294762,13 03 20.4,+17 59 10
AGC232137,6580.440306409062,13 03 44.2,+02 02 24
KK180,6562.83833252658,13 04 30.2,+17 45 34
SDSSJ130440.05+184438.7,6582.018694655654,13 04 40.1,+18 44 39
AGC230077,6590.2956625065535,13 06 23.2,+10 26 02
KK183,6587.875761411616,13 06 42.5,+18 00 08
AGC230084,6611.837146699727,13 06 56.0,+14 48 27
UGC08276,6592.311317515088,13 12 06.6,+05 28 33
UGC08285,6578.970264935831,13 12 33.3,+07 11 03
UGC08298,6573.834762555477,13 13 19.7,+10 11 39
SDSSJ131347.30+100311.1,6576.1511023032745,13 13 47.3,+10 03 11
UGC08382,6584.801092330334,13 20 32.1,+05 24 29
